protId, PDB-homolog,selection,bu,surface,pcpalAxis,offset
DNA_GYRASE,6RKW, or :A or :C or :B or :D,AU,,"0,0,1","0,0,0"
DNA_POLYMERASE_2CORE_BETA_CLAMP_GAMMA_COMPLEX_PRIMASE,5FKW, or :A or :B or :C or :D ,AU,,"0,0,1","0,0,0"
DNA_POLYMERASE_CORE,5FKW, or :A ,AU,,"0,0,1","0,0,0"
DNA_POLYMERASE_CORE_BETA_CLAMP_GAMMA_COMPLEX,1JR3,,BU1,,"0,0,1","0,0,0"
DNA_POLYMERASE_CORE_BETA_CLAMP_PRIMASE,2HPI,,BU1,,"0,0,1","0,0,0"
DNA_POLYMERASE_GAMMA_COMPLEX,1JR3,,BU1,,"0,0,1","0,0,0"
DNA_POLYMERASE_HOLOENZYME,1JR3,,BU1,,"0,0,1","0,0,0"
MG_0001_048,3DM5,,BU1,,"0,0,1","0,0,0"
MG_0003_465,6d1r,,AU,,"0,0,1","0,0,0"
MG_001_DIMER,5FKW,,AU,,"0,0,1","0,0,0"
MG_001_MONOMER,5FKW, or :B,AU,,"0,0,1","0,0,0"
MG_002_MONOMER,3LZ8, or :A,AU,,"0,0,1","0,0,0"
MG_003_MONOMER,6RKW, or :B,AU,,"0,0,1","0,0,0"
MG_004_MONOMER,6RKW, or :A,AU,,"0,0,1","0,0,0"
MG_005_DIMER,2DQ3,,BU1,,"0,0,1","0,0,0"
MG_005_MONOMER,1WLE, or :A,AU,,"0,0,1","0,0,0"
MG_006_DIMER,3LV8,,BU1,,"0,0,1","0,0,0"
MG_006_MONOMER,2PLR, or :B,AU,,"0,0,1","0,0,0"
MG_007_MONOMER,1JR3, or :E,AU,,"0,0,1","0,0,0"
MG_008_379_TETRAMER,2ZXI,,BU1,,"0,0,1","0,0,0"
MG_008_MONOMER,3GEH, or :A,AU,,"0,0,1","0,0,0"
MG_009_MONOMER,1ZZM, or :A,AU,,"0,0,1","0,0,0"
MG_010_MONOMER,4EDK, or :A,AU,,"0,0,1","0,0,0"
MG_011_MONOMER,3VPB, or :C,AU,,"0,0,1","0,0,0"
MG_012_MONOMER,3VPB, or :C,AU,,"0,0,1","0,0,0"
MG_013_DIMER,3L07,,BU1,,"0,0,1","0,0,0"
MG_013_MONOMER,4CJX, or :B,AU,,"0,0,1","0,0,0"
MG_014_015_DIMER,4Q4H,,AU,TRUE,"0,0,1","1,0,-37"
MG_014_MONOMER,4Q4H, or :A,AU,,"0,0,1","0,0,0"
MG_015_MONOMER,4Q4H, or :B,AU,,"0,0,1","0,0,0"
MG_018_MONOMER,6FML, or :G,AU,,"0,0,1","0,0,0"
MG_019_DIMER,2KHO,,BU1,,"0,0,1","0,0,0"
MG_019_MONOMER,3LZ8, or :B,AU,,"0,0,1","0,0,0"
MG_020_MONOMER,1AZW, or :A,AU,,"0,0,1","0,0,0"
MG_021_DIMER,1RQG,,BU1,,"0,0,1","0,0,0"
MG_021_MONOMER,1RQG, or :A,AU,,"0,0,1","0,0,0"
MG_022_MONOMER,2M4K, or :A,AU,,"0,0,1","0,0,0"
MG_023_DIMER,1RV8,,BU1,,"0,0,1","0,0,0"
MG_023_MONOMER,4TO8, or :A,AU,,"0,0,1","0,0,0"
MG_024_MONOMER,1JAL, or :A,AU,,"0,0,1","0,0,0"
MG_025_MONOMER,3BCV, or :B,AU,,"0,0,1","0,0,0"
MG_026_MONOMER,3OYY, or :A,AU,,"0,0,1","0,0,0"
MG_027_MONOMER,1Q8C, or :A,AU,,"0,0,1","0,0,0"
MG_028_MONOMER,5GJV, or :E,AU,TRUE,"0,0,1","18,32,5"
MG_029_DIMER,4K2H,,BU1,,"0,0,1","0,0,0"
MG_029_MONOMER,4K2H, or :A,AU,,"0,0,1","0,0,0"
MG_030_MONOMER,1V9S, or :C,AU,,"0,0,1","0,0,0"
MG_030_TRIMER,1I5E,,BU1,,"0,0,1","0,0,0"
MG_031_MONOMER,3F2B, or :A,AU,,"0,0,1","0,0,0"
MG_032_MONOMER,4WIJ, or :B,AU,,"0,0,1","0,0,0"
MG_033_MONOMER,3IYZ, or :A,AU,,"0,0,1","0,0,0"
MG_033_TETRAMER,3IYZ,,BU1,TRUE,"0,0,1","0,0,0"
MG_034_DIMER,2UZ3,,BU1,,"0,0,1","0,0,0"
MG_034_MONOMER,3E2I, or :A,AU,,"0,0,1","0,0,0"
MG_035_DIMER,1WU7,,BU1,,"0,0,1","0,0,0"
MG_035_MONOMER,1QE0, or :B,AU,,"0,0,1","0,0,0"
MG_036_DIMER,1EFW,,BU1,,"0,0,1","0,0,0"
MG_036_MONOMER,4AH6, or :A,AU,,"0,0,1","0,0,0"
MG_037_MONOMER,6E68, or :B,AU,,"0,0,1","0,0,0"
MG_038_MONOMER,3H3N, or :O,AU,,"0,0,1","0,0,0"
MG_038_TETRAMER,3EXQ,,BU1,,"0,0,1","0,0,0"
MG_039_DIMER,4X9M,,BU1,,"0,0,1","0,0,0"
MG_039_MONOMER,4X9M, or :A,AU,,"0,0,1","0,0,0"
MG_040_119_120_121_PENTAMER,4fi3,,AU,TRUE,"0,0,1","0,0,-12"
MG_040_MONOMER,4fi3, or :F,AU,,"0,0,1","0,0,0"
MG_041_062_429_PENTAMER,2HWG,,BU1,TRUE,"0,0,-1","0,0,28"
MG_041_069_429_PENTAMER,2HWG,,BU1,TRUE,"0,0,-1","0,0,28"
MG_041_MONOMER,2xdf, or :C,AU,,"0,0,1","0,0,0"
MG_042_043_044_045_PENTAMER,3puz,,AU,TRUE,"0,0,1","-1,2,-10"
MG_042_MONOMER,3puz, or :A,AU,,"0,0,1","0,0,0"
MG_043_MONOMER,3puz, or :F,AU,,"0,0,1","0,0,0"
MG_044_MONOMER,3puz, or :G,AU,,"0,0,1","0,0,0"
MG_045_MONOMER,3puz, or :E,AU,,"0,0,1","0,0,0"
MG_046_DIMER,4K25,,BU1,,"0,0,1","0,0,0"
MG_046_MONOMER,4K25, or :A,AU,,"0,0,1","0,0,0"
MG_047_MONOMER,1RG9, or :B,AU,,"0,0,1","0,0,0"
MG_047_TETRAMER,1FUG,,BU1,,"0,0,1","0,0,0"
MG_048_MONOMER,3DM5, or :A,AU,,"0,0,1","0,0,0"
MG_049_HEXAMER,1ECP,,BU1,,"0,0,1","0,0,0"
MG_049_MONOMER,1Z34, or :A,AU,,"0,0,1","0,0,0"
MG_050_MONOMER,3NGJ, or :A,AU,,"0,0,1","0,0,0"
MG_051_DIMER,2DSJ,,BU1,,"0,0,1","0,0,0"
MG_051_MONOMER,2DSJ, or :B,AU,,"0,0,1","0,0,0"
MG_052_DIMER,1JTX,,BU1,,"0,0,1","0,0,0"
MG_052_MONOMER,2D30, or :B,AU,,"0,0,1","0,0,0"
MG_053_MONOMER,3UW2, or :A,AU,,"0,0,1","0,0,0"
MG_053_TRIMER,1WQA,,BU1,,"0,0,1","0,0,0"
MG_054_MONOMER,5TBZ, or :J,AU,,"0,0,1","0,0,0"
MG_055_170_277_464_476_20MER,5mg3,,AU,TRUE,"0,0,1","11,-2,7"
MG_055_MONOMER,5mg3, or :E,AU,,"0,0,1","0,0,0"
MG_056_MONOMER,3KWP, or :A,AU,,"0,0,1","0,0,0"
MG_057_MONOMER,2FCJ, or :A,AU,,"0,0,1","0,0,0"
MG_058_HEXAMER,5MP7,,BU1,,"0,0,1","0,0,0"
MG_058_MONOMER,5MP7, or :A,AU,,"0,0,1","0,0,0"
MG_059_MONOMER,1P6V, or :A,AU,,"0,0,1","0,0,0"
MG_060_MONOMER,5TZJ, or :C,AU,,"0,0,1","0,0,0"
MG_061_MONOMER,4LDS, or :A,AU,TRUE,"0,0,1","-1,-1,-7"
MG_062_MONOMER,3QNQ, or :D,AU,,"0,0,1","0,0,0"
MG_063_DIMER,2JGV,,BU1,,"0,0,1","0,0,0"
MG_063_MONOMER,2JGV, or :B,AU,,"0,0,1","0,0,0"
MG_064_065_TETRAMER,5XU1,,AU,TRUE,"0,0,1","1,-1,0"
MG_064_MONOMER,5XU1, or :B,AU,,"0,0,1","0,0,0"
MG_065_MONOMER,5XU1, or :A,AU,,"0,0,1","0,0,0"
MG_066_DIMER,4C7V,,BU1,,"0,0,1","0,0,0"
MG_066_MONOMER,4C7V, or :A,AU,,"0,0,1","0,0,0"
MG_067_MONOMER,1LCY, or :A,AU,TRUE,"0,0,1","0,0,40"
MG_068_MONOMER,1LCY, or :A,AU,TRUE,"0,0,1","0,0,40"
MG_069_MONOMER,5IWS, or :A,AU,,"0,0,1","0,0,0"
MG_070_MONOMER,5O61, or :BV,AU,,"0,0,1","0,0,0"
MG_071_MONOMER,6A69, or :A,AU,TRUE,"-0.49,-0.4,1","13,-3,-27"
MG_072_DIMER,2IPC,,BU1,,"0,0,1","0,0,0"
MG_072_MONOMER,2IPC, or :D,AU,,"0,0,1","0,0,0"
MG_073_206_421_TETRAMER,3uwx,,BU1,,"0,0,1","0,0,0"
MG_073_MONOMER,3uwx, or :B,AU,,"0,0,1","0,0,0"
MG_074_MONOMER,5D0O, or :E,AU,,"0,0,1","0,0,0"
MG_075_MONOMER,6G04, or :A,AU,TRUE,"-0.9,0.41,-0.15","-22,29,1"
MG_076_MONOMER,6C26, or :3,AU,TRUE,"0,0,1","26,19,6"
MG_077_078_079_080_321_PENTAMER,4tqu,,AU,TRUE,"0,0,1","-2,-1,-6"
MG_077_MONOMER,4tqu, or :N,AU,,"0,0,1","0,0,0"
MG_078_MONOMER,4tqu, or :M,AU,,"0,0,1","0,0,0"
MG_079_MONOMER,4tqu, or :T,AU,,"0,0,1","0,0,0"
MG_080_MONOMER,4tqu, or :S,AU,,"0,0,1","0,0,0"
MG_081_MONOMER,5ZET, or :J,AU,,"0,0,1","0,0,0"
MG_082_MONOMER,4REO, or :A,AU,,"0,0,1","0,0,0"
MG_083_MONOMER,4QT4, or :A,AU,,"0,0,1","0,0,0"
MG_084_MONOMER,3A2K, or :B,AU,,"0,0,1","0,0,0"
MG_084_TETRAMER,3A2K, or :A,AU,,"0,0,1","0,0,0"
MG_085_HEXAMER,1KKL,,BU1,,"0,0,1","0,0,0"
MG_085_MONOMER,1KNX, or :A,AU,,"0,0,1","0,0,0"
MG_086_MONOMER,5AZB, or :A,AU,TRUE,"0,0,1","1,-1,1"
MG_087_MONOMER,5NGM, or :Al,AU,,"0,0,1","0,0,0"
MG_088_MONOMER,1HUS, or :A,AU,,"0,0,1","0,0,0"
MG_089_DIMER,2EFG,,BU1,,"0,0,1","0,0,0"
MG_089_MONOMER,2EFG, or :A,AU,,"0,0,1","0,0,0"
MG_090_MONOMER,3R3T, or :B,AU,,"0,0,1","0,0,0"
MG_091_MONOMER,5ODP, or :A,AU,,"0,0,1","0,0,0"
MG_091_OCTAMER,5ODP,,BU1,,"0,0,1","0,0,0"
MG_091_TETRAMER,5ODP,,BU1,,"0,0,1","0,0,0"
MG_092_MONOMER,5LI0, or :r,AU,,"0,0,1","0,0,0"
MG_093_MONOMER,1DIV, or :A,AU,,"0,0,1","0,0,0"
MG_094_HEXAMER,4nmn,,BU1,,"0,0,1","0,0,0"
MG_094_MONOMER,4nmn, or :A,AU,,"0,0,1","0,0,0"
MG_095_MONOMER,5CYB, or :A,AU,TRUE,"0,0,1","0,0,0"
MG_096_MONOMER,4WIJ, or :B,AU,,"0,0,1","0,0,0"
MG_097_MONOMER,3ZOQ, or :A,AU,,"0,0,1","0,0,0"
MG_098_099_100_TRIMER,3AL0,,AU,,"0,0,1","0,0,0"
MG_098_MONOMER,3AL0, or :C,AU,,"0,0,1","0,0,0"
MG_099_MONOMER,3AL0, or :A,AU,,"0,0,1","0,0,0"
MG_100_MONOMER,3AL0, or :B,AU,,"0,0,1","0,0,0"
MG_101_MONOMER,4U0W, or :B,AU,,"0,0,1","0,0,0"
MG_102_DIMER,2Q7V,,BU1,,"0,0,1","0,0,0"
MG_102_DIMER_ox,2Q7V,,BU1,,"0,0,1","0,0,0"
MG_102_MONOMER,3F8D, or :B,AU,,"0,0,1","0,0,0"
MG_103_MONOMER,3HYI, or :A,AU,,"0,0,1","0,0,0"
MG_104_MONOMER,5XGU, or :B,AU,,"0,0,1","0,0,0"
MG_105_MONOMER,4RV7, or :C,AU,,"0,0,1","0,0,0"
MG_105_OCTAMER,4RV7,,BU1,,"0,0,1","0,0,0"
MG_106_DIMER,3U04,,BU1,,"0,0,1","0,0,0"
MG_106_MONOMER,3U04, or :A,AU,,"0,0,1","0,0,0"
MG_107_DIMER,2AN9,,BU1,,"0,0,1","0,0,0"
MG_107_MONOMER,4YER, or :A,AU,,"0,0,1","0,0,0"
MG_108_MONOMER,5F1M, or :A,AU,,"0,0,1","0,0,0"
MG_109_DIMER,4X3F, or :A or :B or :C,BU1,TRUE,"0,0,1","0,0,0"
MG_109_MONOMER,4X3F, or :C,AU,,"0,0,1","0,0,0"
MG_110_MONOMER,2YV5, or :A,AU,,"0,0,1","0,0,0"
MG_111_DIMER,1B0Z,,BU1,,"0,0,1","0,0,0"
MG_111_MONOMER,3FF1, or :B,AU,,"0,0,1","0,0,0"
MG_112_DIMER,3CU2,,BU1,,"0,0,1","0,0,0"
MG_112_MONOMER,3CU2, or :A,AU,,"0,0,1","0,0,0"
MG_113_DIMER,1X54,,BU1,,"0,0,1","0,0,0"
MG_113_MONOMER,4EX5, or :B,AU,,"0,0,1","0,0,0"
MG_114_DIMER,5D91,,AU,TRUE,"0,0,1","11,1,-22"
MG_114_MONOMER,5D91,,AU,TRUE,"0,0,1","11,1,-22"
MG_115_MONOMER,5KOL, or :B,AU,,"0,0,1","0,0,0"
MG_116_MONOMER,2YC3, or :A,AU,,"0,0,1","0,0,0"
MG_117_MONOMER,3FSL, or :A,AU,,"0,0,1","0,0,0"
MG_118_DIMER,1LRK,,AU,,"0,0,1","0,0,0"
MG_118_MONOMER,1WVG, or :A,BU1,,"0,0,1","0,0,0"
MG_119_MONOMER,4fi3, or :C,AU,,"0,0,1","0,0,0"
MG_120_MONOMER,4fi3, or :A,AU,,"0,0,1","0,0,0"
MG_121_MONOMER,4fi3, or :B,AU,,"0,0,1","-15,6,-3"
MG_122_MONOMER,4RUL, or :A,AU,,"0,0,1","0,0,0"
MG_123_DIMER,3TM8,,BU1,TRUE,"0,0.24,1","0,0,-37"
MG_123_MONOMER,3TM8, or :A,AU,,"0,0,1","0,0,0"
MG_124_MONOMER,4I6X, or :A,AU,,"0,0,1","0,0,0"
MG_124_MONOMER_ox,4I6X,,AU,,"0,0,1","0,0,0"
MG_125_MONOMER,4ZEV, or :A,AU,,"0,0,1","0,0,0"
MG_126_DIMER,1I6M,,BU1,,"0,0,1","0,0,0"
MG_126_MONOMER,2YY5, or :B,AU,,"0,0,1","0,0,0"
MG_127_MONOMER,1S3C, or :A,AU,,"0,0,1","0,0,0"
MG_127_MONOMER_ox,1S3C,,AU,,"0,0,1","0,0,0"
MG_128_HEXAMER,2I2C,,BU1,,"0,0,1","0,0,0"
MG_128_MONOMER,2I2C, or :A,AU,,"0,0,1","0,0,0"
MG_129_MONOMER,3BP3, or :B,AU,,"0,0,1","0,0,0"
MG_130_MONOMER,3HC1, or :A,AU,TRUE,"0,0,1","0,0,0"
MG_131_MONOMER,5X5Y, or :F,AU,TRUE,"0,0,1","-12,0,13"
MG_132_DIMER,3IMI,,BU1,,"0,0,1","0,0,0"
MG_132_MONOMER,3LB5, or :C,AU,,"0,0,1","0,0,0"
MG_133_MONOMER,2KV5, or :A,AU,TRUE,"0,0,1","0,0,-8"
MG_134_MONOMER,1YBX, or :B,AU,,"0,0,1","0,0,0"
MG_135_MONOMER,4BW5, or :C,AU,TRUE,"0,0,1","-6,1,10"
MG_136_DIMER,3E9H,,BU1,,"0,0,1","0,0,0"
MG_136_MONOMER,6BNI, or :A,AU,,"0,0,1","0,0,0"
MG_137_DIMER,3HDQ,,BU1,,"0,0,1","0,0,0"
MG_137_MONOMER,4MO2, or :B,AU,,"0,0,1","0,0,0"
MG_138_MONOMER,2YWE, or :A,AU,,"0,0,1","0,0,0"
MG_139_DIMER,3ZQ4,,BU1,,"0,0,1","0,0,0"
MG_139_MONOMER,3ZQ4, or :D,AU,,"0,0,1","0,0,0"
MG_140_MONOMER,4B3F, or :X,AU,,"0,0,1","0,0,0"
MG_141_MONOMER,5LM7, or :C,AU,,"0,0,1","0,0,0"
MG_142_MONOMER,1G7T, or :A,AU,,"0,0,1","0,0,0"
MG_143_MONOMER,1PA4, or :A/0,AU,,"0,0,1","0,0,0"
MG_144_MONOMER,5tcx, or :A,AU,TRUE,"0,0,1","2,4,11"
MG_145_MONOMER,2X0K, or :A,AU,,"0,0,1","0,0,0"
MG_146_MONOMER,4HG0, or :A,AU,TRUE,"0,0,1","0,0,0"
MG_147_MONOMER,3P5N, or :A,AU,TRUE,"0,0,1","-1,-1,-3"
MG_148_MONOMER,6el1, or :A,AU,TRUE,"0,0,1","58,44,76"
MG_149_MONOMER,5D0O, or :E,AU,TRUE,"0,0,-1","0,0,-31"
MG_150_MONOMER,4YBB, or :AJ,AU,,"0,0,1","0,0,0"
MG_151_MONOMER,5XYM, or :D,AU,,"0,0,1","0,0,0"
MG_152_MONOMER,6HA1, or :E,AU,,"0,0,1","0,0,0"
MG_153_MONOMER,5MYJ, or :BW,AU,,"0,0,1","0,0,0"
MG_154_MONOMER,5XYM, or :C,AU,,"0,0,1","0,0,0"
MG_155_MONOMER,5MMM, or :s,AU,,"0,0,1","0,0,0"
MG_156_MONOMER,6HMA, or :Q,AU,,"0,0,1","0,0,0"
MG_157_MONOMER,5O61, or :C,AU,,"0,0,1","0,0,0"
MG_158_MONOMER,6ERI, or :AM,AU,,"0,0,1","0,0,0"
MG_159_MONOMER,3J79, or :3,AU,,"0,0,1","0,0,0"
MG_160_MONOMER,5NGM, or :Aq,AU,,"0,0,1","0,0,0"
MG_161_MONOMER,4Y4O, or :1O,AU,,"0,0,1","0,0,0"
MG_162_MONOMER,5XYM, or :U,AU,,"0,0,1","0,0,0"
MG_163_MONOMER,5XYM, or :F,AU,,"0,0,1","0,0,0"
MG_164_MONOMER,4Y4O, or :2n,AU,,"0,0,1","0,0,0"
MG_165_MONOMER,4Y4O, or :1h,AU,,"0,0,1","0,0,0"
MG_166_MONOMER,4Y4O, or :2H,AU,,"0,0,1","0,0,0"
MG_167_MONOMER,4Y4O, or :1S,AU,,"0,0,1","0,0,0"
MG_168_MONOMER,4YBB, or :AE,AU,,"0,0,1","0,0,0"
MG_169_MONOMER,6HMA, or :J,AU,,"0,0,1","0,0,0"
MG_170_MONOMER,5mg3, or :Y,AU,,"0,0,1","0,0,0"
MG_171_MONOMER,2XB4, or :A,AU,,"0,0,1","0,0,0"
MG_172_MONOMER,4FUK, or :B,AU,,"0,0,1","0,0,0"
MG_173_MONOMER,2N78, or :A/0,AU,,"0,0,1","0,0,0"
MG_174_MONOMER,4YBB, or :C5,AU,,"0,0,1","0,0,0"
MG_175_MONOMER,5NGM, or :Am,AU,,"0,0,1","0,0,0"
MG_176_MONOMER,4Y4O, or :1k,AU,,"0,0,1","0,0,0"
MG_177_MONOMER,5VI8, or :A,AU,,"0,0,1","0,0,0"
MG_178_MONOMER,6DZI, or :O,AU,,"0,0,1","0,0,0"
MG_179_180_181_TETRAMER,5jsz,,AU,TRUE,"0,0,1","-4,-3,-38"
MG_179_MONOMER,5jsz, or :A,AU,,"0,0,1","0,0,0"
MG_180_MONOMER,5jsz, or :C,AU,,"0,0,1","0,0,0"
MG_181_MONOMER,5jsz, or :B,AU,,"0,0,1","0,0,0"
MG_182_DIMER,1VS3,,BU1,,"0,0,1","0,0,0"
MG_182_MONOMER,1VS3, or :B,AU,,"0,0,1","0,0,0"
MG_183_MONOMER,3CE2, or :A,AU,,"0,0,1","0,0,0"
MG_184_DIMER,2OKC,,AU,,"-0.65,-0.15,0.75","-22,-13,-25"
MG_184_MONOMER,2OKC, or :B,AU,,"0,0,1","0,0,0"
MG_185_MONOMER,4MFI, or :A,AU,TRUE,"0,0,1","-1,0,37"
MG_186_187_188_189_PENTAMER,4TQU,,AU,TRUE,"0,0,1","-2,-1,-6"
MG_186_MONOMER,4TQU, or :Q,AU,,"0,0,1","0,0,0"
MG_187_MONOMER,4TQU, or :S,AU,,"0,0,1","0,0,0"
MG_188_MONOMER,4TQU, or :N,AU,,"0,0,1","0,0,0"
MG_189_MONOMER,4TQU, or :M,AU,,"0,0,1","0,0,0"
MG_190_MONOMER,3DEV, or :B,AU,,"0,0,1","0,0,0"
MG_191_MONOMER,6RUT, or :F,AU,TRUE,"0.6,-0.1,-0.79","46,-7,-70"
MG_192_MONOMER,6RUT, or :G,AU,TRUE,"-0.34,0.34,-0.88","-5,40,-79"
MG_194_195_TETRAMER,2IY5, or :A or :B,BU1,,"0,0,1","0,0,0"
MG_194_MONOMER,4P72, or :C,AU,,"0,0,1","0,0,0"
MG_195_MONOMER,4P72, or :A,AU,,"0,0,1","0,0,0"
MG_196_MONOMER,5ME0, or :Y,AU,,"0,0,1","0,0,0"
MG_197_MONOMER,4YBB, or :C4,AU,,"0,0,1","0,0,0"
MG_198_MONOMER,5XYM, or :Q,AU,,"0,0,1","0,0,0"
MG_199_MONOMER,2D0B, or :A,AU,,"0,0,1","0,0,0"
MG_200_MONOMER,3LZ8, or :A,AU,,"0,0,1","0,0,0"
MG_201_DIMER,2KHO,,BU1,,"0,0,1","0,0,0"
MG_201_MONOMER,3A6M, or :B,AU,,"0,0,1","0,0,0"
MG_202_MONOMER,2MDV, or :B/0,AU,,"0,0,1","0,0,0"
MG_203_204_TETRAMER,4I3H, or :A or :B or :G or :H,BU1,,"0,0,1","0,0,0"
MG_203_MONOMER,4JUO, or :C,AU,,"0,0,1","0,0,0"
MG_204_MONOMER,1ZVU, or :A,AU,,"0,0,1","0,0,0"
MG_205_DIMER,1STZ, or :A or :C,BU1,,"0,0,1","0,0,0"
MG_205_MONOMER,1STZ, or :C,AU,,"0,0,1","0,0,0"
MG_206_MONOMER,3C65, or :A,AU,,"0,0,1","0,0,0"
MG_207_MONOMER,5W8M, or :F,AU,,"0,0,1","0,0,0"
MG_208_DIMER,2A6A,,BU1,,"0,0,1","0,0,0"
MG_208_MONOMER,2A6A, or :B,AU,,"0,0,1","0,0,0"
MG_209_MONOMER,1V9F, or :A,AU,,"0,0,1","0,0,0"
MG_210_MONOMER,5DIR, or :A,AU,TRUE,"0,0,1","2,3,3"
MG_211_MONOMER,4UG1, or :A,AU,,"0,0,1","0,0,0"
MG_212_MONOMER,5KYM, or :A,AU,TRUE,"0,0,1","0,1,-29"
MG_213_214_298_6MER,4AD8,,BU1,,"0,0,1","0,0,0"
MG_213_214_298_6MER_ADP,4AD8,,BU1,,"0,0,1","0,0,0"
MG_213_MONOMER,3W6J, or :A,AU,,"0,0,1","0,0,0"
MG_214_MONOMER,4I98, or :B,AU,,"0,0,1","0,0,0"
MG_215_MONOMER,1ZXX, or :A,AU,,"0,0,1","0,0,0"
MG_215_TETRAMER,1ZXX,,BU1,,"0,0,1","0,0,0"
MG_216_MONOMER,1E0T, or :B,AU,,"0,0,1","0,0,0"
MG_216_TETRAMER,1E0T,,BU1,,"0,0,1","0,0,0"
MG_217_MONOMER,5IJO, or :Y,AU,,"0,0,1","0,0,0"
MG_218_MONOMER,3JBH, or :G,AU,,"0,0,1","0,0,0"
MG_219_MONOMER,2W45, or :A,AU,,"0,0,1","0,0,0"
MG_220_MONOMER,5TFY, or :N,AU,,"0,0,1","0,0,0"
MG_221_MONOMER,1N0E, or :G,AU,,"0,0,1","0,0,0"
MG_221_OCTAMER,1N0E,,BU1,,"-1,0.03,-0.04","0,0,0"
MG_222_MONOMER,3TKA, or :A,AU,,"0,0,1","0,0,0"
MG_223_MONOMER,4A2A, or :A,AU,,"0,0,1","0,0,0"
MG_224_2MER_GTP,1W5B,,AU,,"0,0,1","0,0,0"
MG_224_3MER_GTP,1W5B,,AU,,"0,0,1","0,0,0"
MG_224_4MER_GTP,1W5B,,AU,,"0,0,1","0,0,0"
MG_224_5MER_GTP,1W5B,,AU,,"0,0,1","0,0,0"
MG_224_6MER_GTP,1W5B,,AU,,"0,0,1","0,0,0"
MG_224_7MER_GTP,1W5B,,AU,,"0,0,1","0,0,0"
MG_224_8MER_GTP,1W5B,,AU,,"0,0,1","0,0,0"
MG_224_9MER_GDP,1W5B,,AU,,"0,0,1","0,0,0"
MG_224_9MER_GTP,1W5B,,AU,,"0,0,1","0,0,0"
MG_224_MONOMER,2VXY, or :A,AU,,"0,0,1","0,0,0"
MG_224_MONOMER_GDP,2VXY, or :A,AU,,"0,0,1","0,0,0"
MG_224_MONOMER_GTP,2VXY, or :A,AU,,"0,0,1","0,0,0"
MG_225_DIMER,4DJK,,BU3,TRUE,"0,0,1","1,0,-2"
MG_225_MONOMER,4DJK, or :A,AU,,"0,0,1","0,0,0"
MG_226_DIMER,4DJK,,AU,TRUE,"0,0,1","1,0,-2"
MG_226_MONOMER,4DJK, or :A,AU,,"0,0,1","0,0,0"
MG_227_DIMER,4DQ1,,BU1,,"0,0,1","0,0,0"
MG_227_MONOMER,4DQ1, or :A,AU,,"0,0,1","0,0,0"
MG_228_MONOMER,1ZDR, or :A,AU,,"0,0,1","0,0,0"
MG_228_TETRAMER,3FL8,,BU1,,"0,0,1","0,0,0"
MG_229_231_TETRAMER,2BQ1,,BU1,,"0,0,1","0,0,0"
MG_229_231_TETRAMER_ox,2BQ1,,BU1,,"0,0,1","0,0,0"
MG_229_MONOMER,2BQ1, or :I,AU,,"0,0,1","0,0,0"
MG_230_MONOMER,6EBQ, or :B,AU,,"0,0,1","0,0,0"
MG_231_MONOMER,2BQ1, or :E,AU,,"0,0,1","0,0,0"
MG_232_MONOMER,4YBB, or :DS,AU,,"0,0,1","0,0,0"
MG_233_MONOMER,4PEO, or :B,AU,,"0,0,1","0,0,0"
MG_234_MONOMER,5NGM, or :AU,AU,,"0,0,1","0,0,0"
MG_235_MONOMER,4HNO, or :A,AU,,"-0.86,0.5,0.03","0,-8,18"
MG_236_MONOMER,5NBC, or :B,AU,,"0,0,1","0,0,0"
MG_237_MONOMER,1TD6, or :A,AU,,"0,0,1","0,0,0"
MG_238_MONOMER,1W26, or :B,AU,,"0,0,1","0,0,0"
MG_239_HEXAMER,3M6A,,BU1,,"0,0,1","0,0,0"
MG_239_MONOMER,3M6A, or :C,AU,,"0,0,1","0,0,0"
MG_240_HEXAMER,1KAM,,BU1,,"0,0,1","0,0,0"
MG_240_MONOMER,4YBR, or :A,AU,,"0,0,1","0,0,0"
MG_241_MONOMER,2XWU, or :B,AU,TRUE,"0,0,1","0,0,0"
MG_242_MONOMER,5xam, or :A,AU,TRUE,"0,0,1","1,4,17"
MG_243_MONOMER,6C14, or :C,AU,TRUE,"0,0,-1","0,0,58"
MG_244_DIMER,4C2T, or :A or :B,BU1,,"0,0,1","0,0,0"
MG_244_MONOMER,4C2T, or :A,AU,,"0,0,1","0,0,0"
MG_245_MONOMER,1SBQ, or :B,AU,,"0,0,1","0,0,0"
MG_246_MONOMER,1T71, or :A,AU,,"0,0,1","0,0,0"
MG_247_MONOMER,5XJ5, or :A,AU,TRUE,"0,0,1","0,-1,-6"
MG_248_MONOMER,5HX2, or :F,AU,,"0,0,1","0,0,0"
MG_249_MONOMER,5UAG, or :L,AU,,"0,0,1","0,0,0"
MG_250_MONOMER,2AU3, or :A,AU,,"0,0,1","0,0,0"
MG_251_DIMER,1ATI,,BU1,,"0,0,1","0,0,0"
MG_251_MONOMER,1ATI, or :B,AU,,"0,0,1","0,0,0"
MG_252_DIMER,1GZ0,,BU1,,"0,0,1","0,0,0"
MG_252_MONOMER,1GZ0, or :G,AU,,"0,0,1","0,0,0"
MG_253_MONOMER,3TQO, or :A,AU,,"0,0,1","0,0,0"
MG_254_MONOMER,2OWO, or :A,AU,,"0,0,1","0,0,0"
MG_255_MONOMER,4PL0, or :A,AU,TRUE,"0,0,1","-10,2,-37"
MG_256_MONOMER,2Z73, or :A,AU,TRUE,"0,0,1","-19,2,-5"
MG_257_MONOMER,5ZET, or :2,AU,,"0,0,1","0,0,0"
MG_258_MONOMER,5J3C, or :XY,AU,,"0,0,1","0,0,0"
MG_259_MONOMER,1K7J, or :A,AU,,"0,0,1","0,0,0"
MG_259_TETRAMER,1K7J,,BU1,,"0,0,1","0,0,0"
MG_260_MONOMER,4MFI, or :A,AU,TRUE,"0,0,1","-1,0,37"
MG_261_MONOMER,5fkw, or :A,AU,,"0,0,1","0,0,0"
MG_262_MONOMER,6C33, or :A,AU,,"0.8,0.54,-0.27","25,17,16"
MG_263_MONOMER,3DAO, or :B,AU,,"0,0,1","0,0,0"
MG_264_MONOMER,2F6R, or :A,AU,,"0,0,1","0,0,0"
MG_265_DIMER,1RKQ,,BU1,,"0,0,1","0,0,0"
MG_265_MONOMER,1RKQ, or :A,AU,,"0,0,1","0,0,0"
MG_266_MONOMER,5AH5, or :B,AU,,"0,0,1","0,0,0"
MG_267_MONOMER,4JKV, or :A,AU,TRUE,"0,0,1","17,-7,14"
MG_268_MONOMER,1ZM7, or :D,AU,,"0,0,1","0,0,0"
MG_269_MONOMER,1I84, or :S,AU,,"0,0,1","0,0,0"
MG_270_MONOMER,5IJ6, or :A,AU,,"0,0,1","0,0,0"
MG_271_272_273_274_192MER,1B5S,,BU1,,"0,0,1","0,0,0"
MG_271_272_273_274_192MER_ox,1B5S,,BU1,,"0,0,1","0,0,0"
MG_271_MONOMER,4DNA, or :A,AU,,"0,0,1","0,0,0"
MG_272_MONOMER,3DVA, or :I,AU,,"0,0,1","0,0,0"
MG_273_MONOMER,1UMD, or :B,AU,,"0,0,1","0,0,0"
MG_274_MONOMER,2BFD, or :A,AU,,"0,0,1","0,0,0"
MG_275_MONOMER,1NHP, or :A,AU,,"0,0,1","0,0,0"
MG_275_TETRAMER,1NPX,,BU2,TRUE,"0,0,1","0,0,0"
MG_276_DIMER,2DY0,,BU1,,"0,0,1","0,0,0"
MG_276_MONOMER,5YW5, or :A,AU,,"0,0,1","0,0,0"
MG_277_MONOMER,5mg3, or :D,AU,,"0,0,1","0,0,0"
MG_278_DIMER,5IQR, or :8,AU,,"0,0,1","0,0,0"
MG_278_MONOMER,5IQR, or :8,AU,,"0,0,1","0,0,0"
MG_279_MONOMER,5JEQ, or :A,AU,TRUE,"0,0,1","-7,0,10"
MG_280_MONOMER,5JEQ, or :A,AU,TRUE,"0,0,1","-7,0,10"
MG_281_MONOMER,4NZR, or :M,AU,,"0,0,1","0,0,0"
MG_282_MONOMER,1GRJ, or :A,AU,,"0,0,1","0,0,0"
MG_283_DIMER,1H4Q, or :A or :B,AU,,"0,0,1","0,0,0"
MG_283_MONOMER,4WI1, or :A,AU,,"0,0,1","0,0,0"
MG_284_MONOMER,2O8X, or :C,AU,,"0,0,1","0,0,0"
MG_285_MONOMER,3ISY, or :A,AU,,"0,0,1","0,0,0"
MG_286_MONOMER,3ZG1, or :B,AU,,"0,0,1","0,0,0"
MG_287_MONOMER,4H2W, or :C,AU,,"0,0,1","0,0,0"
MG_287_MONOMER_ACP,4H2W, or :C,AU,,"0,0,1","0,0,0"
MG_287_MONOMER_ddcaACP,4H2W, or :C,AU,,"0,0,1","0,0,0"
MG_287_MONOMER_hdeACP,4H2W, or :C,AU,,"0,0,1","0,0,0"
MG_287_MONOMER_myrsACP,4H2W, or :C,AU,,"0,0,1","0,0,0"
MG_287_MONOMER_ocdcaACP,4H2W, or :C,AU,,"0,0,1","0,0,0"
MG_287_MONOMER_octeACP,4H2W, or :C,AU,,"0,0,1","0,0,0"
MG_287_MONOMER_palmACP,4H2W, or :C,AU,,"0,0,1","0,0,0"
MG_287_MONOMER_tdeACP,4H2W, or :C,AU,,"0,0,1","0,0,0"
MG_288_MONOMER,4WIJ, or :B,AU,,"0,0,1","0,0,0"
MG_289_290_291_PENTAMER,2ONK, or :A or :B or :C or :D or :E,AU,TRUE,"0,0,1","1,0,-6"
MG_289_MONOMER,2ONK, or :E,AU,,"0,0,1","0,0,0"
MG_290_MONOMER,2ONK, or :A,AU,,"0,0,1","0,0,0"
MG_291_MONOMER,2ONK, or :C,AU,TRUE,"0,0,1","5,5,2"
MG_292_MONOMER,3WQY, or :A,AU,,"0,0,1","0,0,0"
MG_292_TETRAMER,3WQY, or :A or :B,AU,,"0,0,1","0,0,0"
MG_293_DIMER,3QVQ,,BU1,,"0,0,1","0,0,0"
MG_293_MONOMER,3QVQ, or :B,AU,,"0,0,1","0,0,0"
MG_294_MONOMER,1PW4, or :A,AU,TRUE,"0,0,1","1,1,-4"
MG_295_MONOMER,2DER, or :A,AU,,"0,0,1","0,0,0"
MG_295_MONOMER_ox,2DER, or :A,AU,,"0,0,1","0,0,0"
MG_296_MONOMER,2I15, or :A,AU,,"0,0,1","0,0,0"
MG_297_MONOMER,2OG2, or :A,AU,,"0,0,1","0,0,0"
MG_298_MONOMER,4AD8, or :A,AU,,"0,0,1","0,0,0"
MG_299_DIMER,1TD9,,BU1,,"0,0,1","0,0,0"
MG_299_MONOMER,2AF4, or :C,AU,,"0,0,1","0,0,0"
MG_300_MONOMER,1PHP, or :A,AU,,"0,0,1","0,0,0"
MG_301_MONOMER,5LD5, or :C,AU,,"0,0,1","0,0,0"
MG_301_TETRAMER,1ZNQ,,BU1,,"0,0,1","0,0,0"
MG_302_303_304_TETRAMER,5X3X,,AU,TRUE,"0,0,1","-3,8,-37"
MG_302_MONOMER,5X3X, or :Q,AU,,"0,0,1","0,0,0"
MG_303_MONOMER,5X3X, or :A,AU,,"0,0,1","0,0,0"
MG_304_MONOMER,5X3X, or :B,AU,,"0,0,1","0,0,0"
MG_305_MONOMER,5TKY, or :A,AU,,"0,0,1","0,0,0"
MG_306_MONOMER,4kpp, or :A,AU,TRUE,"0,0,1","-1,1,3"
MG_307_MONOMER,4JWO, or :A,AU,TRUE,"0,0,1","0,0,29"
MG_308_MONOMER,5SUQ, or :A,AU,,"0,0,1","0,0,0"
MG_309_MONOMER,1qgk, or :A,AU,TRUE,"-1,0.39,-0.1","0,0,0"
MG_310_MONOMER,5Z7X, or :A,AU,,"0,0,1","0,0,0"
MG_311_MONOMER,4YBB, or :BD,AU,,"0,0,1","0,0,0"
MG_312_MONOMER,4DCZ, or :B,AU,,"0,0,1","0,0,0"
MG_313_MONOMER,4HUQ, or :S,AU,TRUE,"0,0,1","-7,16,-13"
MG_314_MONOMER,6DVW, or :B,AU,TRUE,"0,0,1","0,0,29"
MG_315_MONOMER,1JR3, or :D,AU,,"0,0,1","0,0,0"
MG_316_DIMER,5aym,,AU,TRUE,"0,0,1","0,0,-3"
MG_316_MONOMER,5aym, or :A,AU,,"0,0,1","0,0,0"
MG_317_MONOMER,3DB7, or :A,AU,,"0,0,1","0,0,0"
MG_318_MONOMER,3VOU, or :A,AU,TRUE,"0,0,1","-1,-11,-16"
MG_319_MONOMER,5TCX, or :A,AU,TRUE,"0,0,1","2,4,11"
MG_320_MONOMER,4PGR, or :A,AU,TRUE,"0,0,1","0,0,-2"
MG_321_MONOMER,4tqu, or :Q,AU,,"0,0,1","0,0,0"
MG_322_323_TETRAMER,4j7c,,AU,TRUE,"0,0,1","0,0,-35"
MG_322_MONOMER,4j7c, or :I,AU,,"0,0,1","0,0,0"
MG_323_MONOMER,4j7c, or :B,AU,,"0,0,1","0,0,0"
MG_324_MONOMER,3Q6D, or :B,AU,,"0,0,1","0,0,0"
MG_325_MONOMER,5MYJ, or :B5,AU,,"0,0,1","0,0,0"
MG_326_MONOMER,1PZX, or :B,AU,,"0,0,1","0,0,0"
MG_327_MONOMER,4CCW, or :A,AU,,"0,0,1","0,0,0"
MG_328_MONOMER,6FSA, or :B,AU,,"0,0,1","0,0,0"
MG_329_MONOMER,4DCU, or :A,AU,,"0,0,1","0,0,0"
MG_330_MONOMER,1CKE, or :A,AU,,"0,0,1","0,0,0"
MG_331_MONOMER,2KOG, or :A,AU,TRUE,"0,0,1","-5,20,-22"
MG_332_MONOMER,1KON, or :A,AU,,"0,0,1","0,0,0"
MG_333_DIMER,3W77,,BU1,,"0,0,1","0,0,0"
MG_333_MONOMER,3W77, or :B,AU,,"0,0,1","0,0,0"
MG_334_MONOMER,1GAX, or :B,AU,,"0,0,1","0,0,0"
MG_335_MONOMER,1PUI, or :A,AU,,"0,0,1","0,0,0"
MG_336_DIMER,1JF9,,BU1,,"0,0,1","0,0,0"
MG_336_MONOMER,1JF9, or :A,AU,,"0,0,1","0,0,0"
MG_337_MONOMER,5UFT, or :A,AU,,"0,0,1","0,0,0"
MG_338_MONOMER,4mnd, or :A,AU,TRUE,"0,0,1","-22,-5,-27"
MG_339_MONOMER,4PPF, or :A,AU,,"0,0,1","0,0,0"
MG_340_MONOMER,3IYD, or :D,AU,,"0,0,1","0,0,0"
MG_341_MONOMER,5TW1, or :C,AU,,"0,0,1","0,0,0"
MG_342_MONOMER,1RLI, or :B,AU,,"0,0,1","0,0,0"
MG_343_MONOMER,6BXO, or :A,AU,,"0,0,1","0,0,0"
MG_344_MONOMER,4CCW, or :A,AU,,"0,0,1","0,0,0"
MG_345_MONOMER,1FFY, or :A,AU,,"0,0,1","0,0,0"
MG_346_DIMER,1GZ0,,BU1,,"0,0,1","0,0,0"
MG_346_MONOMER,1GZ0, or :G,AU,,"0,0,1","0,0,0"
MG_347_DIMER,2FCA,,BU1,,"0,0,1","0,0,0"
MG_347_MONOMER,2FCA, or :A,AU,,"0,0,1","0,0,0"
MG_348_MONOMER,4FYB, or :A,AU,TRUE,"0,0,1","0,0,38"
MG_349_HEXAMER,5WTN,,BU1,,"0,0,1","0,0,0"
MG_349_MONOMER,5WTN, or :A,AU,,"0,0,1","0,0,0"
MG_350_MONOMER,2Q9U, or :A,AU,,"0,0,1","0,0,0"
MG_351_HEXAMER,5LS0,,BU1,,"0,0,1","0,0,0"
MG_351_MONOMER,5LS0, or :B,AU,,"0,0,1","0,0,0"
MG_352_DIMER,2FCO,,BU1,,"0,0,1","0,0,0"
MG_352_MONOMER,2FCO, or :A,AU,,"0,0,1","0,0,0"
MG_353_DIMER,6N2L,,BU1,,"0,0,1","0,0,0"
MG_353_MONOMER,6N2L, or :A,AU,,"0,0,1","0,0,0"
MG_354_MONOMER,1TM9, or :A,AU,TRUE,"0,0,1","0,0,0"
MG_355_HEXAMER,6AZY,,BU1,,"0,0,1","0,0,0"
MG_355_MONOMER,6AZY, or :A,AU,,"0,0,1","0,0,0"
MG_356_MONOMER,4R78, or :A,AU,,"0,0,1","0,0,0"
MG_357_DIMER,2IIR,,BU1,,"0,0,1","0,0,0"
MG_357_MONOMER,4H0P, or :B,AU,,"0,0,1","0,0,0"
MG_358_359_10MER,7OA5, or :A or :B or :C or :D or :E or :F or :G or :H,AU,,"0,0,1","0,0,0"
MG_358_MONOMER,7OA5, or :A,AU,,"0,0,1","0,0,0"
MG_359_MONOMER,3pfi, or :A,AU,,"0,0,1","0,0,0"
MG_360_MONOMER,5YUY, or :F,AU,,"0,0,1","0,0,0"
MG_361_MONOMER,4V9O, or :C5,AU,,"0,0,1","0,0,0"
MG_362_MONOMER,4V9O, or :A6,AU,,"0,0,1","0,0,0"
MG_363_MONOMER,5MYJ, or :B4,AU,,"0,0,1","0,0,0"
MG_364_MONOMER,2KS1, or :B,AU,TRUE,"0,0,1","-6,-3,-1"
MG_365_MONOMER,3Q0I, or :A,AU,,"0,0,1","0,0,0"
MG_366_MONOMER,5OKI, or :B,AU,,"0,0,1","0,0,0"
MG_367_DIMER,3C4B,,BU1,,"0,0,1","0,0,0"
MG_367_MONOMER,3C4B,,AU,,"0,0,1","0,0,0"
MG_368_DIMER,1VI1,,BU1,,"0,0,1","0,0,0"
MG_368_MONOMER,1VI1, or :B,AU,,"0,0,1","0,0,0"
MG_369_DIMER,1uoe,,AU,,"0,0,1","0,0,0"
MG_369_MONOMER,3PNL, or :B,AU,,"0,0,1","0,0,0"
MG_370_MONOMER,1V9F, or :A,AU,,"0,0,1","0,0,0"
MG_371_MONOMER,5IPP, or :B,AU,,"0,0,1","0,0,0"
MG_372_DIMER,4KR6, or :A or :B,BU1,,"0,0,1","0,0,0"
MG_372_MONOMER,4KR6, or :B,AU,,"0,0,1","0,0,0"
MG_373_MONOMER,3SYY, or :A,AU,,"0,0,1","0,0,0"
MG_374_MONOMER,2B30, or :A,AU,,"0,0,1","0,0,0"
MG_375_DIMER,1QF6, or :A,AU,,"0,0,1","0,0,0"
MG_375_MONOMER,1QF6, or :A,AU,,"0,0,1","0,0,0"
MG_376_HEXAMER,2HQL,,BU1,,"0,0,1","0,0,0"
MG_376_MONOMER,2HQL, or :D,AU,,"0,0,1","0,0,0"
MG_377_MONOMER,1ZXJ, or :B,AU,,"0,0,1","0,0,0"
MG_378_MONOMER,4R3Z, or :B,AU,,"0,0,1","0,0,0"
MG_379_MONOMER,2ZXI, or :B,AU,,"0,0,1","0,0,0"
MG_380_MONOMER,2FCJ, or :A,AU,,"0,0,1","0,0,0"
MG_381_MONOMER,3T1T, or :A,AU,,"0,0,1","0,0,0"
MG_382_MONOMER,3W34, or :B,AU,,"0,0,1","0,0,0"
MG_382_TETRAMER,3W34,,BU1,,"0,0,1","0,0,0"
MG_383_DIMER,3FIU,,BU1,,"0,0,1","0,0,0"
MG_383_MONOMER,1KQP, or :B,AU,,"0,0,1","0,0,0"
MG_384_MONOMER,1UDX, or :A,AU,,"0,0,1","0,0,0"
MG_385_DIMER,3QVQ,,BU1,,"0,0,1","0,0,0"
MG_385_MONOMER,3QVQ, or :B,AU,,"0,0,1","0,0,0"
MG_386_MONOMER,4DCZ, or :B,AU,,"0,0,1","0,0,0"
MG_387_MONOMER,1EGA, or :A,AU,,"0,0,1","0,0,0"
MG_388_MONOMER,1OZ9, or :A,AU,,"0,0,1","0,0,0"
MG_389_MONOMER,5OR7, or :C,AU,,"0,0,1","0,0,0"
MG_390_DIMER,4RY2,,AU,TRUE,"0,0,1","0,1,-38"
MG_390_MONOMER,4RY2, or :B,AU,TRUE,"0,0,1","8,11,-37"
MG_391_HEXAMER,3H8E,,AU,,"0,0,1","0,0,0"
MG_391_MONOMER,4ZLA, or :E,AU,,"0,0,1","0,0,0"
MG_392_393_21MER,1AON,,BU1,,"0,0,1","0,0,0"
MG_392_MONOMER,5DA8, or :a,AU,,"0,0,1","0,0,0"
MG_393_MONOMER,1PCQ, or :Q,AU,,"0,0,1","0,0,0"
MG_394_MONOMER,4J5U, or :A,AU,,"0,0,1","0,0,0"
MG_394_TETRAMER,2DKJ,,BU1,,"0,0,1","0,0,0"
MG_395_MONOMER,5zvj, or :A,AU,TRUE,"-0.29,0.18,-0.94","-11,6,-38"
MG_396_DIMER,6mu0,,2,,"0,0,1","0,0,0"
MG_396_MONOMER,6MU0, or :A,AU,,"0,0,1","0,0,0"
MG_397_MONOMER,4UXV, or :A,AU,,"0,0,1","0,0,0"
MG_398_399_400_401_402_403_404_405_22MER,5T4O,,AU,TRUE,"0,0.2,0.98","0,0,99"
MG_398_MONOMER,5T4O, or :H,AU,,"0,0,1","0,0,0"
MG_399_MONOMER,5T4O, or :F,AU,,"0,0,1","0,0,0"
MG_400_MONOMER,5T4O, or :G,AU,,"0,0,1","0,0,0"
MG_401_MONOMER,5T4O, or :C,AU,,"0,0,1","0,0,0"
MG_402_MONOMER,5T4O, or :L,AU,,"0,0,1","0,0,0"
MG_403_MONOMER,5T4O, or :I,AU,TRUE,"7,-9,-99","0,-1,62"
MG_404_MONOMER,5T4O, or :M,AU,TRUE,"0,0,-1","-2,-1,57"
MG_405_MONOMER,5T4O, or :K,AU,TRUE,"0,0,1","4,-1,-53"
MG_406_MONOMER,5J4I, or :B,AU,TRUE,"0,0,1","19,6,-2"
MG_407_DIMER,1W6T,,AU,,"0,0,1","0,0,0"
MG_407_MONOMER,4MKS, or :B,AU,,"0,0,1","19,6,-2"
MG_408_MONOMER,3BQH, or :A,AU,,"0,0,1","0,0,0"
MG_409_DIMER,4Q25,,BU1,,"0,0,1","0,0,0"
MG_409_MONOMER,4Q25, or :B,AU,,"0,0,1","0,0,0"
MG_410_411_412_PENTAMER,5WNN,,AU,TRUE,"0,0,1","0,0,0"
MG_410_MONOMER,3NH6, or :A,AU,,"0,0,1","0,0,0"
MG_411_MONOMER,2ONK, or :C,AU,TRUE,"0,0,1","5,5,2"
MG_412_MONOMER,5WNN, or :B,AU,,"0,0,1","0,0,0"
MG_414_MONOMER,2N2A, or :B/0,AU,,"0,0,1","0,0,0"
MG_417_MONOMER,5NGM, or :Ai,AU,,"0,0,1","0,0,0"
MG_418_MONOMER,5MYJ, or :BM,AU,,"0,0,1","0,0,0"
MG_419_MONOMER,1JR3, or :A,AU,,"0,0,1","0,0,0"
MG_421_MONOMER,3uwx, or :A,AU,,"0,0,1","0,0,0"
MG_422_MONOMER,5IJO, or :Y,AU,,"0,0,1","0,0,0"
MG_423_MONOMER,3ZQ4, or :D,AU,,"0,0,1","0,0,0"
MG_424_MONOMER,1A32, or :A,AU,,"0,0,1","0,0,0"
MG_425_DIMER,5IVL,,BU1,,"0,0,1","0,0,0"
MG_425_MONOMER,5IVL, or :A,AU,,"0,0,1","0,0,0"
MG_426_MONOMER,2JZ6, or :A/0,AU,,"0,0,1","0,0,0"
MG_427_DIMER,3EER,,BU1,,"0,0,1","0,0,0"
MG_427_DIMER_ox,3EER,,BU1,,"0,0,1","0,0,0"
MG_427_MONOMER,1LQL, or :H,AU,,"0,0,1","0,0,0"
MG_428_DIMER,4NQW,,BU1,,"0,0,1","0,0,0"
MG_428_MONOMER,4NQW, or :A,AU,,"0,0,1","0,0,0"
MG_429_MONOMER,2xdf, or :A,AU,,"0,0,1","0,0,0"
MG_430_MONOMER,4QAX, or :A,AU,,"0,0,1","0,0,0"
MG_431_DIMER,1B9B,,BU1,,"0,0,1","0,0,0"
MG_431_MONOMER,3M9Y, or :A,AU,,"0,0,1","0,0,0"
MG_432_MONOMER,3HLU, or :B,AU,TRUE,"0,0,1","-2,-3,-28"
MG_433_DIMER,1EFU,,BU1,,"0,0,1","0,0,0"
MG_433_MONOMER,4PC3, or :C,AU,,"0,0,1","0,0,0"
MG_434_HEXAMER,2BND,,BU1,,"0,0,1","0,0,0"
MG_434_MONOMER,2VA1, or :A,AU,,"0,0,1","0,0,0"
MG_435_MONOMER,1EH1, or :A,AU,,"0,0,1","0,0,0"
MG_437_DIMER,4Q2G,,AU,TRUE,"0,0,1","0,0,-7"
MG_437_MONOMER,4Q2G, or :B,AU,,"0,0,1","-14,-6,-7"
MG_438_MONOMER,1YDX, or :A,AU,,"0,0,1","0,0,0"
MG_439_MONOMER,5CYB, or :A,AU,TRUE,"0,0,1","0,-6,31"
MG_440_MONOMER,3ZBI, or :g,AU,TRUE,"0,-0.85,0.52","24,-18,28"
MG_441_MONOMER,2KWX, or :D,AU,TRUE,"0,0,1","2,8,-10"
MG_442_MONOMER,6G15, or :A,AU,,"0,0,1","0,0,0"
MG_443_MONOMER,4w6v, or :A,AU,TRUE,"0,0,1","1,0,-3"
MG_444_MONOMER,6HMA, or :N,AU,,"0,0,1","0,0,0"
MG_445_DIMER,4MCD,,BU1,,"0,0,1","0,0,0"
MG_445_MONOMER,4MCD, or :A,AU,,"0,0,1","0,0,0"
MG_446_MONOMER,6HA1, or :p,AU,,"0,0,1","0,0,0"
MG_447_MONOMER,4Z3N, or :A,AU,TRUE,"0,0,1","1,0,-1"
MG_448_MONOMER,3HCG, or :D,AU,,"0,0,1","0,0,0"
MG_449_MONOMER,3BU2, or :C,AU,,"0,0,1","0,0,0"
MG_450_MONOMER,2DT8, or :A,AU,,"0,0,1","0,0,0"
MG_451_DIMER,1EFU,,BU1,,"0,0,1","0,0,0"
MG_451_MONOMER,2C78, or :A,AU,,"0,0,1","0,0,0"
MG_452_MONOMER,2KS1, or :B,AU,TRUE,"0,0,1","-6,-3,-1"
MG_453_MONOMER,5J49, or :B,AU,,"0,0,1","0,0,0"
MG_453_TETRAMER,2UX8,,BU1,,"0,0,1","0,0,0"
MG_454_DIMER,6D9N,,BU1,,"0,0,1","0,0,0"
MG_454_DIMER_ox,6D9N,,BU1,,"0,0,1","0,0,0"
MG_454_MONOMER,6D9N, or :A,AU,,"0,0,1","0,0,0"
MG_455_DIMER,1H3E,,BU1,,"0,0,1","0,0,0"
MG_455_MONOMER,1JIL, or :A,AU,,"0,0,1","0,0,0"
MG_456_MONOMER,6B85, or :A,AU,TRUE,"0,0,1","-4,17,-42"
MG_457_HEXAMER,6AZ0,,BU1,TRUE,"-0.01,-0.21,1","0,13,-55"
MG_457_MONOMER,6AZ0, or :B,AU,,"0,0,1","0,0,0"
MG_458_MONOMER,3ACD, or :A,AU,,"0,0,1","0,0,0"
MG_458_TETRAMER,3H83,,BU1,,"0,0,1","0,0,0"
MG_459_MONOMER,1T0A, or :C,AU,,"0,0,1","0,0,0"
MG_460_MONOMER,4Q3N, or :A,AU,,"0,0,1","0,0,0"
MG_460_TETRAMER,4Q3N,,BU1,,"0,0,1","0,0,0"
MG_461_MONOMER,2Q14, or :D,AU,,"0,0,1","0,0,0"
MG_462_MONOMER,6B1Z, or :A,AU,,"0,0,1","0,0,0"
MG_463_MONOMER,3TPZ, or :B,AU,,"0,0,1","0,0,0"
MG_464_MONOMER,5MG3, or :C,AU,,"0,0,1","20,-21,21"
MG_465_MONOMER,6d1r, or :A,AU,,"0,0,1","0,0,0"
MG_466_MONOMER,4YBB, or :D3,AU,,"0,0,1","0,0,0"
MG_467_468_526_TETRAMER,5XU1,,AU,TRUE,"0,0,1","1,-1,0"
MG_467_MONOMER,5XU1, or :A,AU,,"0,0,1","0,0,0"
MG_468_MONOMER,5XU1, or :M,AU,TRUE,"0,0,1","7,13,25"
MG_469_1MER_ADP,3R8F, or :A,BU1,,"0,0,1","0,0,0"
MG_469_1MER_ATP,3R8F, or :A,BU1,,"0,0,1","0,0,0"
MG_469_2MER_1ATP_ADP,3R8F, or :A or :B ,BU1,,"0,0,1","0,0,0"
MG_469_2MER_ATP,3R8F, or :A or :B ,BU1,,"0,0,1","0,0,0"
MG_469_3MER_2ATP_ADP,3R8F, or :A or :B or :C ,BU1,,"0,0,1","0,0,0"
MG_469_3MER_ATP,3R8F, or :A or :B or :C ,BU1,,"0,0,1","0,0,0"
MG_469_4MER_3ATP_ADP,3R8F, or :A or :B or :C or :D ,BU1,,"0,0,1","0,0,0"
MG_469_4MER_ATP,3R8F, or :A or :B or :C or :D ,BU1,,"0,0,1","0,0,0"
MG_469_5MER_4ATP_ADP,3R8F, or :A or :B or :C or :D ,BU1,,"0,0,1","0,0,0"
MG_469_5MER_ATP,3R8F, or :A or :B or :C or :D ,BU1,,"0,0,1","0,0,0"
MG_469_6MER_5ATP_ADP,3R8F, or :A or :B or :C or :D ,BU1,,"0,0,1","0,0,0"
MG_469_6MER_ATP,3R8F, or :A or :B or :C or :D ,BU1,,"0,0,1","0,0,0"
MG_469_7MER_6ATP_ADP,3R8F, or :A or :B or :C or :D ,BU1,,"0,0,1","0,0,0"
MG_469_7MER_ATP,3R8F, or :A or :B or :C or :D ,BU1,,"0,0,1","0,0,0"
MG_469_MONOMER,3R8F, or :A,AU,,"0,0,1","0,0,0"
MG_470_MONOMER,5IF9, or :A,AU,,"0,0,1","0,0,0"
MG_473_MONOMER,5MYJ, or :B5,AU,,"0,0,1","0,0,0"
MG_474_MONOMER,5TCX, or :A,AU,TRUE,"0,0,1","2,4,11"
MG_476_MONOMER,5mg3, or :G,AU,,"0,0,1","0,0,0"
MG_477_MONOMER,1G2R, or :A,AU,,"0,0,1","0,0,0"
MG_478_MONOMER,3J09, or :A,AU,TRUE,"0,0,1","-14,-14,-36"
MG_480_MONOMER,2K29, or :A/0,AU,,"0,0,1","0,0,0"
MG_481_MONOMER,5NGM, or :Au,AU,,"0,0,1","0,0,0"
MG_482_DIMER,3GWM,,BU1,,"0,0,1","0,0,0"
MG_482_MONOMER,3GWM, or :A,AU,,"0,0,1","0,0,0"
MG_491_MONOMER,4XNG, or :B,AU,,"0,0,1","0,0,0"
MG_494_MONOMER,1JH3, or :A/0,AU,,"0,0,1","0,0,0"
MG_498_MONOMER,1K82, or :C,AU,,"0,0,1","0,0,0"
MG_505_MONOMER,1NU0, or :B,AU,,"0,0,1","0,0,0"
MG_515_MONOMER,3x29, or :A,AU,TRUE,"0,0,1","-1,2,8"
MG_516_MONOMER,5I0I, or :G,AU,,"0,0,1","0,0,0"
MG_517_MONOMER,3BCV, or :B,AU,,"0,0,1","0,0,0"
MG_521_MONOMER,3P5N, or :A,AU,TRUE,"0,0,1","-1,-1,-3"
MG_522_MONOMER,6HA1, or :t,AU,,"0,0,1","0,0,0"
MG_524_MONOMER,4X89, or :A,AU,TRUE,"0,0,1","-15,0,5"
MG_525_MONOMER,2JWA, or :A/1,AU,,"0,0,1","0,0,0"
MG_526_MONOMER,5XU1, or :B,AU,,"0,0,1","0,0,0"
REPLISOME,4NMN,,BU1,,"0,0,1","0,0,0"
RIBOSOME_30S,4V69, or :AJ or :AK or :AL or :AM or :AN or :AO or :AP or :AQ or :AR or :AS or :AT or :AU or :AB or :AC or :AD or :AE or :AF or :AG or :AH or :AI,AU,,"0,0,1","0,0,0"
RIBOSOME_30S_IF3,5LMO,,BU1,,"0,0,1","0,0,0"
RIBOSOME_50S,4V69, or :B5 or :BI or :BJ or :BK or :BL or :BM or :BN or :BO or :BP or :BQ or :BR or :BS or :BT or :BU or :BV or :BW or :BX or :BY or :BC or :BZ or :B0 or :B1 or :B2 or :B3 or :B4 or :BD or :BE or :BF or :BG or :BH or :BB or :BA,AU,,"0,0,1","0,0,0"
RIBOSOME_70S,4V69,,AU,,"0,0,1","0,0,0"
RNA_POLYMERASE,3IYD, or :A or :B or :C or :D or :E,BU1,,"0,0,1","0,0,0"
RNA_POLYMERASE_HOLOENZYME,3IYD, or :A or :B or :C or :D or :E or: F,BU1,,"0,0,1","0,0,0"
