protId, seq_leng, PDB, chian, function, probability,query_start, query_end, coverage, HHpred score
MG_002_MONOMER,310,3LZ8,A,Putative chaperone DnaJ,100,1,305,98.38709677,98.38709677
MG_009_MONOMER,262,1ZZM,A,deoxyribonuclease yjjV ,100,1,261,99.61832061,99.61832061
MG_010_MONOMER,218,4EDK,A,DNA primase (E.C.2.7.7.,99.9,1,217,99.5412844,99.44174312
MG_011_MONOMER,287,3VPB,C,Putative acetylornithin,100,9,279,94.42508711,94.42508711
MG_012_MONOMER,287,3VPB,C,Putative acetylornithin,100,2,287,99.65156794,99.65156794
MG_018_MONOMER,1031,6FML,G,RuvB-like helicase (E.C,100,564,1030,45.29582929,45.29582929
MG_020_MONOMER,308,1AZW,A,PROLINE IMINOPEPTIDASE;,100,1,308,100,100
MG_024_MONOMER,367,1JAL,A,YCHF PROTEIN; nucleotid,100,1,366,99.72752044,99.72752044
MG_025_MONOMER,298,3BCV,B,Putative glycosyltransf,99.9,1,219,73.48993289,73.41644295
MG_027_MONOMER,151,1Q8C,A,Hypothetical protein MG,100,1,151,100,100
MG_028_MONOMER,201,5GJV,E,Voltage-dependent L-typ,85.1,42,177,67.66169154,57.5800995
MG_032_MONOMER,666,4WIJ,B,SPLICING FACTOR PROLIN,92.9,297,368,10.81081081,10.04324324
MG_050_MONOMER,223,3NGJ,A,Deoxyribose-phosphate a,100,2,214,95.51569507,95.51569507
MG_054_MONOMER,316,5TBZ,K,DNA-directed RNA polyme,99.9,2,313,98.73417722,98.63544304
MG_056_MONOMER,277,3KWP,A,Predicted methyltransfe,100,1,276,99.63898917,99.63898917
MG_057_MONOMER,178,2FCJ,A,small TOPRIM domain pro,99.7,6,118,63.48314607,63.29269663
MG_059_MONOMER,145,1P6V,C,SSRA-BINDING PROTEIN/RN,100,1,145,100,100
MG_060_MONOMER,297,5TZJ,C,TarM; Glycosyltransfera,99.9,1,251,84.51178451,84.42727273
MG_061_MONOMER,567,4LDS,B,Bicyclomycin resistance,100,10,550,95.41446208,95.41446208
MG_067_MONOMER,516,2YEW,D,CAPSID PROTEIN (E.C.3.4,95.9,392,454,12.20930233,11.70872093
MG_068_MONOMER,474,2YEW,D,CAPSID PROTEIN (E.C.3.4,96,339,389,10.75949367,10.32911392
MG_071_MONOMER,874,6A69,A,Plasma membrane calcium,100,1,872,99.77116705,99.77116705
MG_074_MONOMER,137,5D0O,E,Outer membrane protein ,25.6,1,18,13.13868613,3.36350365
MG_075_MONOMER,1024,6G04,A,Pre-rRNA-processing pro,41.6,235,306,7.03125,2.925
MG_076_MONOMER,138,6C26,3,Dolichyl-diphosphooligo,54.9,16,88,52.89855072,29.04130435
MG_086_MONOMER,382,5AZB,A,Prolipoprotein diacylgl,100,7,303,77.7486911,77.7486911
MG_095_MONOMER,398,5CYB,A,Lipoprotein; lipocalin,84.1,1,29,7.286432161,6.127889447
MG_096_MONOMER,650,4WIJ,B,SPLICING FACTOR PROLIN,94.2,308,381,11.38461538,10.72430769
MG_097_MONOMER,245,3ZOQ,A,URACIL-DNA GLYCOSYLASE ,100,10,238,93.46938776,93.46938776
MG_101_MONOMER,222,4U0W,B,YvoA; Transcription Re,100,1,221,99.54954955,99.54954955
MG_103_MONOMER,280,3HYI,A,Protein DUF199/WhiA; LA,100,1,280,100,100
MG_108_MONOMER,260,5F1M,A,Protein phosphatase (E.,100,1,258,99.23076923,99.23076923
MG_110_MONOMER,278,2YV5,A,YjeQ protein; HYDROLASE,100,2,278,99.64028777,99.64028777
MG_115_MONOMER,157,5KOL,B,Protein YdeJ; CinA Com,99.9,1,154,98.08917197,97.9910828
MG_116_MONOMER,251,2YC3,A,2-C-METHYL-D-ERYTHRITOL,99.9,2,251,99.60159363,99.50199203
MG_117_MONOMER,214,3FSL,A,Aromatic-amino-acid ami,37.1,41,75,16.35514019,6.067757009
MG_122_MONOMER,709,4RUL,A,DNA topoisomerase 1 (E.,100,1,698,98.44851904,98.44851904
MG_129_MONOMER,117,3BP3,B,Glucose-specific phosph,99.8,39,117,67.52136752,67.38632479
MG_130_MONOMER,484,3M1T,A,Putative phosphohydrola,99.5,201,404,42.14876033,41.93801653
MG_131_MONOMER,74,5X5Y,F,Probable ATP-binding co,66.7,5,73,93.24324324,62.19324324
MG_133_MONOMER,264,2KV5,A,Putative uncharacterize,41.5,236,264,10.98484848,4.558712121
MG_134_MONOMER,100,1YBX,B,Conserved hypothetical ,99.8,2,100,99,98.802
MG_135_MONOMER,280,4BW5,C,POTASSIUM CHANNEL SUBFA,34.4,165,274,39.28571429,13.51428571
MG_140_MONOMER,1113,4B3F,X,DNA-BINDING PROTEIN SMU,100,287,981,62.44384546,62.44384546
MG_141_MONOMER,531,5LM7,C,Transcription terminati,100,29,442,77.96610169,77.96610169
MG_143_MONOMER,112,1PA4,A,Probable ribosome-bindi,100,1,112,100,100
MG_144_MONOMER,279,6C14,B,Protocadherin-15 LHFPL,92.6,141,262,43.72759857,40.49175627
MG_146_MONOMER,424,4HG0,A,Magnesium and cobalt ef,100,152,414,62.02830189,62.02830189
MG_147_MONOMER,375,3P5N,B,Riboflavin uptake prote,99.3,146,371,60.26666667,59.8448
MG_148_MONOMER,409,6BL7,A,Protein STU2; kinetocho,90.9,68,156,21.7603912,19.7801956
MG_149_MONOMER,281,5D0O,E,Outer membrane protein ,90.9,6,156,53.7366548,48.84661922
MG_172_MONOMER,248,4FUK,B,Methionine aminopeptida,100,1,248,100,100
MG_183_MONOMER,607,3CE2,A,Crystal structure of pu,100,1,602,99.17627677,99.17627677
MG_185_MONOMER,701,4MFI,A,Sn-glycerol-3-phosphate,100,1,700,99.85734665,99.85734665
MG_190_MONOMER,318,3DEV,B,SH1221; alpha-beta prot,100,2,318,99.68553459,99.68553459
MG_191_MONOMER,1444,6RUT,F,Mgp-operon protein 3,100,1,1351,93.55955679,93.55955679
MG_192_MONOMER,1053,6RUT,G,Mgp-operon protein 3,100,23,819,75.68850902,75.68850902
MG_199_MONOMER,235,2D0B,A,ribonuclease HIII (E.C.,100,4,235,98.72340426,98.72340426
MG_200_MONOMER,601,3LZ8,A,Putative chaperone DnaJ,100,4,568,94.00998336,94.00998336
MG_202_MONOMER,122,2MDV,B,Designed protein; Hub-l,92.5,7,51,36.8852459,34.11885246
MG_207_MONOMER,167,5W8M,F,Vacuolar protein sortin,99.9,2,164,97.60479042,97.50718563
MG_209_MONOMER,308,1V9F,A,Ribosomal large subunit,100,1,304,98.7012987,98.7012987
MG_210_MONOMER,181,5DIR,C,Lipoprotein signal pept,99.9,20,177,87.29281768,87.20552486
MG_211_MONOMER,147,4UG1,A,CELL CYCLE PROTEIN GPSB,99.5,1,79,53.7414966,53.47278912
MG_212_MONOMER,268,5KYM,A,1-acyl-sn-glycerol-3-ph,99.9,5,268,98.50746269,98.40895522
MG_217_MONOMER,372,5IJO,Y,Nuclear pore complex pr,96.1,184,330,39.51612903,37.975
MG_218_MONOMER,1805,3JBH,G,MYOSIN 2 HEAVY CHAIN ST,99.6,21,1163,63.32409972,63.07080332
MG_219_MONOMER,148,2W45,A,ALKALINE EXONUCLEASE (E,41.4,28,78,34.45945946,14.26621622
MG_220_MONOMER,93,5TFY,N,Flagellin; cell motilit,42.5,21,89,74.19354839,31.53225806
MG_222_MONOMER,309,3TKA,A,Ribosomal RNA small sub,100,1,309,100,100
MG_223_MONOMER,411,4A2A,A,CELL DIVISION PROTEIN F,100,1,411,100,100
MG_233_MONOMER,99,4PEO,B,Hypothetical protein; c,100,1,96,96.96969697,96.96969697
MG_235_MONOMER,291,4HNO,A,Probable endonuclease 4,100,1,282,96.90721649,96.90721649
MG_236_MONOMER,140,5NBC,B,Ferric uptake regulator,100,2,140,99.28571429,99.28571429
MG_237_MONOMER,294,1TD6,A,Hypothetical protein MG,100,1,294,100,100
MG_238_MONOMER,444,1W26,B,TRIGGER FACTOR; CHAPERO,100,4,443,99.0990991,99.0990991
MG_241_MONOMER,620,5ZAZ,A,Integrin beta-2; integr,85.2,568,619,8.387096774,7.145806452
MG_242_MONOMER,630,2KLU,A,T-cell surface glycopro,80.8,593,629,5.873015873,4.745396825
MG_243_MONOMER,226,6C14,C,Protocadherin-15 LHFPL,14.8,140,214,33.18584071,4.911504425
MG_246_MONOMER,281,1T71,A,phosphatase; Crystal  p,100,1,279,99.28825623,99.28825623
MG_247_MONOMER,239,5XJ5,A,Glycerol-3-phosphate ac,100,8,239,97.07112971,97.07112971
MG_248_MONOMER,186,5HX2,F,Baseplate wedge protein,100,1,186,100,100
MG_254_MONOMER,659,5TT5,A,DNA ligase (E.C.6.5.1.2,100,1,659,100,100
MG_255_MONOMER,365,4PL0,A,McjD dimer; ABC transpo,70.1,125,233,29.8630137,20.9339726
MG_256_MONOMER,256,2Z73,A,Rhodopsin; Visual pigme,78,29,102,28.90625,22.546875
MG_260_MONOMER,765,4MFI,A,Sn-glycerol-3-phosphate,100,1,765,100,100
MG_262_MONOMER,291,6C33,A,5'-3' exonuclease; Myco,100,1,290,99.65635739,99.65635739
MG_264_MONOMER,198,2F6R,A,Bifunctional coenzyme A,99.8,1,187,94.44444444,94.25555556
MG_267_MONOMER,115,4JKV,A,Soluble cytochrome b562,90.8,2,114,98.26086957,89.22086957
MG_268_MONOMER,228,1ZM7,D,Deoxynucleoside kinase ,99.9,2,221,96.49122807,96.39473684
MG_269_MONOMER,340,1I84,S,SMOOTH MUSCLE MYOSIN HE,96.7,41,284,71.76470588,69.39647059
MG_270_MONOMER,336,5IJ6,A,Lipoate--protein ligase,100,1,334,99.4047619,99.4047619
MG_279_MONOMER,218,5JEQ,A,Nitrate/nitrite sensor ,95,7,207,92.20183486,87.59174312
MG_280_MONOMER,265,5IJO,Y,Nuclear pore complex pr,95.4,36,195,60.37735849,57.6
MG_281_MONOMER,556,4NZR,M,PGT135 heavy chain PGT,100,69,468,71.94244604,71.94244604
MG_282_MONOMER,161,1GRJ,A,GREA TRANSCRIPT CLEAVAG,100,3,160,98.13664596,98.13664596
MG_284_MONOMER,132,2O8X,C,Probable RNA polymerase,84.2,49,107,44.6969697,37.63484848
MG_285_MONOMER,347,3ISY,A,Intracellular proteinas,37.9,254,311,16.71469741,6.334870317
MG_286_MONOMER,196,3ZG1,A,NICKEL AND COBALT RESIS,73.7,3,29,13.7755102,10.15255102
MG_288_MONOMER,414,4WIJ,B,SPLICING FACTOR PROLIN,91.3,88,156,16.66666667,15.21666667
MG_294_MONOMER,474,1PW4,A,Glycerol-3-phosphate tr,100,3,468,98.31223629,98.31223629
MG_296_MONOMER,129,2I15,A,Hypothetical protein MG,100,1,129,100,100
MG_297_MONOMER,346,2OG2,A,Putative signal recogni,100,1,337,97.39884393,97.39884393
MG_306_MONOMER,393,5LM4,A,Excitatory amino acid t,72.7,262,393,33.58778626,24.41832061
MG_307_MONOMER,1177,4JWO,A,Phosphate binding prote,41.9,1,33,2.803738318,1.174766355
MG_308_MONOMER,410,5SUQ,A,ATP-dependent RNA helic,100,1,348,84.87804878,84.87804878
MG_309_MONOMER,1225,2QGU,A,Probable signal peptide,55.8,1,117,9.551020408,5.329469388
MG_310_MONOMER,268,5Z7X,A,Hyposensitive to light ,100,4,266,98.13432836,98.13432836
MG_312_MONOMER,1139,4DCZ,B,DnaJ-like protein MG200,99,86,130,3.950834065,3.911325724
MG_313_MONOMER,287,4HUQ,S,Energy-coupling factor ,99,4,137,46.68989547,46.22299652
MG_314_MONOMER,443,6DVW,B,Transient receptor pote,58.9,192,401,47.40406321,27.92099323
MG_317_MONOMER,599,3DB7,A,putative calcium-regula,50.6,14,125,18.69782972,9.461101836
MG_318_MONOMER,280,3VOU,A,Ion transport 2 domain ,94.8,6,131,45,42.66
MG_319_MONOMER,178,5TCX,A,CD81 antigen; tetraspan,91.8,5,167,91.57303371,84.06404494
MG_320_MONOMER,286,4PGR,A,BsYetJ; Membrane protei,99.9,5,284,97.9020979,97.8041958
MG_324_MONOMER,354,3Q6D,B,Proline dipeptidase (E.,100,5,354,98.8700565,98.8700565
MG_326_MONOMER,295,1PZX,B,Hypothetical protein AP,100,1,294,99.66101695,99.66101695
MG_327_MONOMER,268,4CCW,A,CARBOXYL ESTERASE NP (E,100,12,267,95.52238806,95.52238806
MG_328_MONOMER,756,6FSA,B,Myosin-7 Myosin light ,99.4,242,742,66.26984127,65.87222222
MG_329_MONOMER,448,4DCU,A,GTPase Der; GTPASE ENG,100,1,438,97.76785714,97.76785714
MG_331_MONOMER,212,2KOG,A,Vesicle-associated memb,69.7,114,201,41.50943396,28.93207547
MG_335_MONOMER,191,1PUI,A,Probable GTP-binding pr,99.9,2,191,99.47643979,99.37696335
MG_337_MONOMER,138,5UFT,A,Nitrogen-fixing NifU-li,100,1,138,100,100
MG_338_MONOMER,1270,4JWO,A,Phosphate binding prote,35.6,1,30,2.362204724,0.840944882
MG_339_MONOMER,317,4PPF,A,Protein RecA 1st part,100,7,317,98.10725552,98.10725552
MG_343_MONOMER,346,6BXO,A,Diphthamide biosynthesi,68.1,27,160,38.7283237,26.37398844
MG_344_MONOMER,273,4CCW,A,CARBOXYL ESTERASE NP (E,100,1,271,99.26739927,99.26739927
MG_348_MONOMER,322,4FYB,A,Thiol:disulfide interch,91.9,1,91,28.26086957,25.97173913
MG_350_MONOMER,311,2Q9U,A,A-type flavoprotein; fl,93,154,289,43.72990354,40.66881029
MG_354_MONOMER,137,1TM9,A,Hypothetical protein MG,100,1,137,100,100
MG_360_MONOMER,411,5YUY,F,DNA polymerase IV/DNA C,100,17,370,86.13138686,86.13138686
MG_364_MONOMER,224,2KS1,B,Receptor tyrosine-prote,83.4,7,35,12.94642857,10.79732143
MG_366_MONOMER,667,5OKI,B,DNA polymerase epsilon ,95.2,436,651,32.3838081,30.82938531
MG_370_MONOMER,323,1V9F,A,Ribosomal large subunit,100,2,323,99.69040248,99.69040248
MG_373_MONOMER,281,3SYY,A,Exonuclease; alkaline e,99.9,19,258,85.40925267,85.32384342
MG_380_MONOMER,178,2FCJ,A,small TOPRIM domain pro,99.7,6,118,63.48314607,63.29269663
MG_381_MONOMER,218,3T1T,A,Gliding protein mglA (E,61.3,110,208,45.41284404,27.83807339
MG_384_MONOMER,433,1UDX,A,the GTP-binding protein,100,2,433,99.76905312,99.76905312
MG_386_MONOMER,1616,4DCZ,B,DnaJ-like protein MG200,98.2,1430,1473,2.722772277,2.673762376
MG_387_MONOMER,290,1EGA,A,GTP-BINDING PROTEIN ERA,100,1,280,96.55172414,96.55172414
MG_388_MONOMER,154,1OZ9,A,Hypothetical protein AQ,100,4,152,96.75324675,96.75324675
MG_389_MONOMER,127,5OR7,C,Capsid protein CMRF35-,69.9,5,30,20.47244094,14.31023622
MG_395_MONOMER,524,2YEW,D,CAPSID PROTEIN (E.C.3.4,95.9,385,446,11.83206107,11.34694656
MG_397_MONOMER,566,4UXV,A,SEPTATION RING FORMATIO,100,22,561,95.40636042,95.40636042
MG_406_MONOMER,158,5J4I,B,Arginine/agmatine antip,48.4,3,131,81.64556962,39.5164557
MG_408_MONOMER,157,3BQH,A,Peptide methionine sulf,100,1,157,100,100
MG_414_MONOMER,1036,2N2A,B,Receptor tyrosine-prote,84.3,996,1035,3.861003861,3.254826255
MG_422_MONOMER,835,5IJO,Y,Nuclear pore complex pr,87.1,208,372,19.76047904,17.21137725
MG_423_MONOMER,561,3ZQ4,D,RIBONUCLEASE J 1 (E.C.3,100,1,561,100,100
MG_432_MONOMER,398,3HLU,B,uncharacterized protein,99.6,297,388,23.11557789,23.02311558
MG_438_MONOMER,383,1YDX,A,type I restriction enzy,100,1,383,100,100
MG_439_MONOMER,272,5CYB,A,Lipoprotein; lipocalin,89.8,1,23,8.455882353,7.593382353
MG_440_MONOMER,258,3ZBI,g,TRAF PROTEIN TRAO PROT,62.3,1,12,4.651162791,2.897674419
MG_441_MONOMER,136,2KWX,D,Matrix protein 2; M2 pr,22.6,14,45,23.52941176,5.317647059
MG_442_MONOMER,270,6G15,A,Ribosome biogenesis GTP,100,9,269,96.66666667,96.66666667
MG_443_MONOMER,395,3HLU,B,uncharacterized protein,99.6,307,395,22.53164557,22.44151899
MG_447_MONOMER,547,4Z3N,A,Putative drug/sodium an,100,2,537,97.98903108,97.98903108
MG_448_MONOMER,150,3HCG,D,Peptide methionine sulf,100,3,148,97.33333333,97.33333333
MG_449_MONOMER,228,3BU2,C,Putative tRNA-binding p,100,9,208,87.71929825,87.71929825
MG_450_MONOMER,290,2DT8,A,DegV family protein; Fa,100,1,289,99.65517241,99.65517241
MG_452_MONOMER,261,2KS1,B,Receptor tyrosine-prote,38.6,204,243,15.3256705,5.915708812
MG_456_MONOMER,334,6B85,A,TMHC4_R; De novo design,90.8,15,107,27.84431138,25.28263473
MG_459_MONOMER,169,1T0A,C,2C-methyl-D-erythritol ,100,1,166,98.22485207,98.22485207
MG_461_MONOMER,425,2Q14,D,Phosphohydrolase; BT420,100,1,420,98.82352941,98.82352941
MG_463_MONOMER,259,3TPZ,B,Ribosomal RNA small sub,100,1,257,99.22779923,99.22779923
MG_470_MONOMER,269,5IF9,A,COBYRINIC ACID AC-DIAM,100,2,269,99.62825279,99.62825279
MG_474_MONOMER,127,5TCX,A,CD81 antigen; tetraspan,94.4,1,100,78.74015748,74.33070866
MG_477_MONOMER,90,1G2R,A,HYPOTHETICAL CYTOSOLIC ,99.9,1,88,97.77777778,97.68
MG_478_MONOMER,154,3J09,A,copper-exporting P-type,83.9,31,100,45.45454545,38.13636364
MG_480_MONOMER,219,2K29,A,Antitoxin RelB; RelB R,52.9,123,143,9.589041096,5.07260274
MG_494_MONOMER,150,1JH3,A,TYROSYL-TRNA SYNTHETASE,22.7,101,119,12.66666667,2.875333333
MG_498_MONOMER,284,1K82,C,Formamidopyrimidine-DNA,100,2,273,95.77464789,95.77464789
MG_505_MONOMER,138,1NU0,B,Hypothetical protein yq,100,1,137,99.27536232,99.27536232
MG_515_MONOMER,269,3X29,C,Claudin-19 Heat-labile,57.3,62,212,56.133829,32.16468401
MG_516_MONOMER,73,5I0I,G,Unconventional myosin-X,90.4,27,65,53.42465753,48.29589041
MG_517_MONOMER,341,3BCV,B,Putative glycosyltransf,99.9,1,228,66.86217009,66.79530792
MG_521_MONOMER,224,3P5N,B,Riboflavin uptake prote,99.7,6,220,95.98214286,95.69419643
MG_524_MONOMER,149,4X89,A,NAVMS pore and C-termin,94.1,11,146,91.27516779,85.88993289
MG_525_MONOMER,664,2JWA,A,Receptor tyrosine-prote,86.8,616,655,6.024096386,5.228915663
MG_033_MONOMER,258,3IYZ,A,Aquaporin-4; WATER TRAN,100,2,257,99.2248062,99.2248062
MG_039_MONOMER,384,4X9M,A,L-alpha-glycerophosphat,100,1,384,100,100
MG_046_MONOMER,315,4K25,A,Probable tRNA threonylc,100,1,314,99.68253968,99.68253968
MG_051_MONOMER,421,2DSJ,B,Pyrimidine-nucleoside (,100,1,421,100,100
MG_063_MONOMER,303,2JGV,B,TAGATOSE-6-PHOSPHATE KI,100,6,302,98.01980198,98.01980198
MG_066_MONOMER,648,4C7V,A,TRANSKETOLASE (E.C.2.2.,100,1,646,99.69135802,99.69135802
MG_072_MONOMER,806,2IPC,D,Preprotein translocase ,100,3,782,96.77419355,96.77419355
MG_084_MONOMER,290,3A2K,B,tRNA(Ile)-lysidine synt,100,1,290,100,100
MG_091_MONOMER,160,5ODP,A,Single-stranded DNA-bin,99.9,1,147,91.875,91.783125
MG_094_MONOMER,468,4NMN,B,Replicative DNA helicas,100,12,460,95.94017094,95.94017094
MG_105_MONOMER,200,4RV7,C,Diadenylate cyclase (E.,100,27,200,87,87
MG_106_MONOMER,193,3U04,A,Peptide deformylase 1 (,100,3,187,95.85492228,95.85492228
MG_109_MONOMER,387,4X3F,C,Ser/Thr protein kinase ,100,5,354,90.43927649,90.43927649
MG_112_MONOMER,209,3CU2,A,Ribulose-5-phosphate 3-,99.9,4,207,97.6076555,97.51004785
MG_114_MONOMER,236,5D91,A,AF2299Phosphatidylinos,99.8,22,235,90.6779661,90.49661017
MG_123_MONOMER,471,3TM8,A,Uncharacterized protein,99,180,382,43.09978769,42.66878981
MG_124_MONOMER,102,4I6X,A,Protein disulfide-isome,99.9,1,102,100,99.9
MG_127_MONOMER,145,1S3C,A,Arsenate reductase (E.C,99.9,11,139,88.96551724,88.87655172
MG_139_MONOMER,569,3ZQ4,D,RIBONUCLEASE J 1 (E.C.3,100,9,569,98.5940246,98.5940246
MG_182_MONOMER,244,1VS3,B,tRNA pseudouridine synt,100,1,244,100,100
MG_184_MONOMER,317,2OKC,B,Type I restriction enzy,98.5,1,156,49.21135647,48.47318612
MG_205_MONOMER,343,1STZ,C,Heat-inducible transcri,100,1,341,99.41690962,99.41690962
MG_208_MONOMER,196,2A6A,B,hypothetical protein TM,100,4,195,97.95918367,97.95918367
MG_221_MONOMER,141,1N0E,G,Protein mraZ; Cell Divi,100,1,141,100,100
MG_224_MONOMER,369,2VXY,A,CELL DIVISION PROTEIN F,100,1,330,89.43089431,89.43089431
MG_225_MONOMER,489,4DJK,A,Probable glutamate/gamm,100,1,488,99.79550102,99.79550102
MG_226_MONOMER,492,4DJK,A,Probable glutamate/gamm,100,1,492,100,100
MG_227_MONOMER,287,4DQ1,A,Thymidylate synthase (E,100,1,287,100,100
MG_244_MONOMER,703,1QHG,A,STRUCTURE OF DNA HELICA,100,1,701,99.71550498,99.71550498
MG_252_MONOMER,242,1GZ0,G,HYPOTHETICAL TRNA/RRNA ,100,1,242,100,100
MG_259_MONOMER,456,1K7J,A,Protein yciO; structura,100,275,446,37.71929825,37.71929825
MG_278_MONOMER,720,5IQR,8,50S ribosomal protein L,100,1,716,99.44444444,99.44444444
MG_287_MONOMER,84,4H2W,C,Amino acid--[acyl-carri,99.1,1,84,100,99.1
MG_293_MONOMER,244,3QVQ,B,Olei02445 (E.C.3.1.4.2),100,1,243,99.59016393,99.59016393
MG_295_MONOMER,367,2DER,A,tRNA-specific 2-thiouri,100,1,367,100,100
MG_316_MONOMER,369,2RDD,B,Acriflavine resistance ,10.9,322,353,8.672086721,0.945257453
MG_333_MONOMER,197,3W77,B,FMN-dependent NADH-azor,99.9,1,197,100,99.9
MG_336_MONOMER,408,1JF9,A,SELENOCYSTEINE LYASE (E,100,3,402,98.03921569,98.03921569
MG_346_MONOMER,166,1GZ0,G,HYPOTHETICAL TRNA/RRNA ,100,2,157,93.97590361,93.97590361
MG_347_MONOMER,210,2FCA,A,tRNA (guanine-N(7)-)-me,99.9,1,208,99.04761905,98.94857143
MG_349_MONOMER,404,5WTN,A,Replication initiation ,100,9,256,61.38613861,61.38613861
MG_352_MONOMER,166,2FCO,A,recombination protein U,100,2,165,98.79518072,98.79518072
MG_353_MONOMER,109,6N2L,A,Histone family protein ,99.8,10,102,85.32110092,85.15045872
MG_355_MONOMER,714,6AZY,A,Heat shock protein Hsp1,100,1,713,99.85994398,99.85994398
MG_367_MONOMER,262,3C4B,A,Endoribonuclease Dicer,100,8,228,84.35114504,84.35114504
MG_368_MONOMER,328,1VI1,B,Fatty acid/phospholipid,100,1,328,100,100
MG_369_MONOMER,557,3PNL,B,DhaK PTS-dependent dih,100,2,210,37.52244165,37.52244165
MG_372_MONOMER,385,4KR6,B,Probable tRNA sulfurtra,100,3,382,98.7012987,98.7012987
MG_376_MONOMER,104,2HQL,D,Hypothetical protein MG,100,1,103,99.03846154,99.03846154
MG_385_MONOMER,236,3QVQ,B,Olei02445 (E.C.3.1.4.2),100,1,235,99.57627119,99.57627119
MG_390_MONOMER,660,4RY2,B,ABC-type bacteriocin tr,100,1,658,99.6969697,99.6969697
MG_409_MONOMER,225,4Q25,B,Phosphate-specific tran,99.8,6,225,97.77777778,97.58222222
MG_425_MONOMER,449,5IVL,A,DEAD-box ATP-dependent ,100,3,371,82.18262806,82.18262806
MG_428_MONOMER,171,4NQW,A,ECF RNA polymerase sigm,99.9,2,167,97.07602339,96.97894737
MG_437_MONOMER,397,4Q2G,B,Phosphatidate cytidylyl,100,1,374,94.20654912,94.20654912
MG_445_MONOMER,231,4MCD,A,tRNA (guanine-N(1)-)-me,100,1,229,99.13419913,99.13419913
MG_454_MONOMER,155,6D9N,A,Organic hydroperoxide r,99.9,14,153,90.32258065,90.23225806
MG_457_MONOMER,702,6AZ0,B,Mitochondrial inner mem,100,229,673,63.39031339,63.39031339
MG_460_MONOMER,312,4Q3N,A,MGS-M5; metagenome met,100,1,311,99.67948718,99.67948718
MG_469_MONOMER,437,2Z4S,A,Chromosomal replication,100,4,435,98.85583524,98.85583524
MG_482_MONOMER,114,3GWM,A,Holo-[acyl-carrier-prot,99.9,1,113,99.12280702,99.02368421
MG_491_MONOMER,346,4XNG,B,Uncharacterized protein,100,63,204,41.04046243,41.04046243
MG_001_MONOMER,380,5WYP,B,DNA polymerase III subu,100,1,380,100,100
MG_003_MONOMER,650,4JUO,C,DNA topoisomerase 4 sub,100,2,648,99.53846154,99.53846154
MG_004_MONOMER,836,1ZVU,A,Topoisomerase IV subuni,100,43,762,86.12440191,86.12440191
MG_007_MONOMER,254,1A5T,A,DELTA PRIME; ZINC FINGE,99.9,1,238,93.7007874,93.60708661
MG_008_MONOMER,442,3GEH,A,tRNA modification GTPas,100,1,442,100,100
MG_014_MONOMER,623,3ZDQ,A,ATP-BINDING CASSETTE SU,100,2,621,99.51845907,99.51845907
MG_015_MONOMER,589,4Q4H,B,ABC transporter Unchar,100,1,587,99.66044143,99.66044143
MG_031_MONOMER,1451,3F2B,A,GEOBACILLUS KAUSTOPHILU,100,219,1450,84.90696072,84.90696072
MG_040_MONOMER,591,4PEV,A,solute binding protein;,99.9,25,460,73.77326565,73.69949239
MG_041_MONOMER,88,1TXE,A,Phosphocarrier protein ,99.9,1,87,98.86363636,98.76477273
MG_042_MONOMER,559,2IT1,B,362aa long hypothetical,100,4,559,99.46332737,99.46332737
MG_043_MONOMER,285,2ONK,H,membrane protein; membr,99.9,1,278,97.54385965,97.44631579
MG_044_MONOMER,284,2ONK,H,membrane protein; membr,99.9,1,278,97.88732394,97.78943662
MG_045_MONOMER,483,4MFI,A,Sn-glycerol-3-phosphate,100,1,450,93.16770186,93.16770186
MG_048_MONOMER,446,6FRK,x,Ribosomal protein eL28,100,1,433,97.08520179,97.08520179
MG_055_MONOMER,123,5AWW,E,Protein translocase sub,99.5,64,121,47.15447154,46.91869919
MG_062_MONOMER,680,3QNQ,D,PTS system cellobiose-,100,280,680,58.97058824,58.97058824
MG_064_MONOMER,1331,5GKO,B,Macrolide export ATP-bi,99.7,605,1331,54.62058603,54.45672427
MG_065_MONOMER,466,3TUI,H,D-methionine transport ,100,224,462,51.28755365,51.28755365
MG_069_MONOMER,908,5IWS,A,Protein-N(Pi)-phosphohi,100,18,626,67.07048458,67.07048458
MG_073_MONOMER,656,1C4O,A,DNA NUCLEOTIDE EXCISION,100,16,655,97.56097561,97.56097561
MG_077_MONOMER,407,2ONK,H,membrane protein; membr,99.8,91,316,55.52825553,55.41719902
MG_078_MONOMER,376,2ONK,H,membrane protein; membr,99.9,22,376,94.41489362,94.32047872
MG_079_MONOMER,402,4FWI,B,ABC-type dipeptide/olig,100,19,378,89.55223881,89.55223881
MG_080_MONOMER,848,4TQU,S,AlgM1 AlgM2 AlgS Alg,99.8,645,789,17.0990566,17.06485849
MG_098_MONOMER,477,4WJ3,F,Glutamyl-tRNA(Gln) amid,99.6,387,477,19.07756813,19.00125786
MG_099_MONOMER,477,3KFU,E,Non-discriminating and ,100,4,476,99.16142558,99.16142558
MG_100_MONOMER,477,3IP4,B,Glutamyl-tRNA(Gln) amid,100,2,474,99.16142558,99.16142558
MG_119_MONOMER,564,4FIN,B,EttA (YjjK) ABCF family,100,1,562,99.64539007,99.64539007
MG_120_MONOMER,520,4WBS,A,BuphA.00057.b; SSGCID ,97.7,420,516,18.65384615,18.22480769
MG_121_MONOMER,306,4G1U,B,Hemin transport system ,96.9,4,294,95.09803922,92.15
MG_170_MONOMER,475,5EUL,Y,SecA SecY SecE AYC08,100,14,446,91.15789474,91.15789474
MG_179_MONOMER,274,5JSZ,A,Energy-coupling factor ,100,1,274,100,100
MG_180_MONOMER,304,4MKI,A,Energy-coupling factor ,100,12,299,94.73684211,94.73684211
MG_181_MONOMER,420,5JSZ,D,Energy-coupling factor ,100,1,387,92.14285714,92.14285714
MG_186_MONOMER,250,4HMJ,A,Thermonuclease (E.C.3.1,99.8,37,205,67.6,67.4648
MG_187_MONOMER,585,2IT1,B,362aa long hypothetical,100,5,585,99.31623932,99.31623932
MG_188_MONOMER,329,2ONK,H,membrane protein; membr,99.9,6,316,94.52887538,94.4343465
MG_189_MONOMER,318,2ONK,H,membrane protein; membr,99.9,13,315,95.28301887,95.18773585
MG_203_MONOMER,633,4JUO,C,DNA topoisomerase 4 sub,100,2,632,99.68404423,99.68404423
MG_204_MONOMER,781,1ZVU,A,Topoisomerase IV subuni,100,30,729,89.62868118,89.62868118
MG_206_MONOMER,597,3C65,A,Crystal Structure of Ba,100,371,594,37.52093802,37.52093802
MG_213_MONOMER,471,3W6J,A,ScpA ScpB; regulatory ,99.9,144,321,37.79193206,37.75414013
MG_214_MONOMER,207,4I98,B,Segregation and condens,100,19,201,88.4057971,88.4057971
MG_249_MONOMER,497,5UAG,L,DNA-directed RNA polyme,100,119,491,75.05030181,75.05030181
MG_250_MONOMER,607,2AU3,A,DNA primase (E.C.2.7.7.,100,2,440,72.32289951,72.32289951
MG_261_MONOMER,874,2HPI,A,DNA polymerase III alph,100,1,837,95.76659039,95.76659039
MG_277_MONOMER,970,5YHF,A,Protein translocase sub,100,13,954,97.11340206,97.11340206
MG_289_MONOMER,368,3MYU,B,High affinity transport,100,25,368,93.47826087,93.47826087
MG_290_MONOMER,245,4YER,A,ABC transporter ATP-bin,100,2,237,96.32653061,96.32653061
MG_291_MONOMER,543,2ONK,H,membrane protein; membr,99.8,1,270,49.72375691,49.62430939
MG_298_MONOMER,982,4AD8,A,DNA REPAIR PROTEIN RECN,99.9,1,978,99.59266802,99.49307536
MG_302_MONOMER,317,4HUQ,T,Energy-coupling factor ,100,1,275,86.75078864,86.75078864
MG_303_MONOMER,357,4MKI,A,Energy-coupling factor ,100,69,353,79.83193277,79.83193277
MG_304_MONOMER,270,4HUQ,B,Energy-coupling factor ,100,1,269,99.62962963,99.62962963
MG_315_MONOMER,297,3ZH9,B,DELTA (E.C.2.7.7.7); HY,100,1,297,100,100
MG_321_MONOMER,934,5U4O,A,Uncharacterised protein,100,1,750,80.29978587,80.29978587
MG_322_MONOMER,558,4J7C,L,Ktr system potassium up,100,4,558,99.46236559,99.46236559
MG_323_MONOMER,227,4J91,C,Ktr system potassium up,100,1,217,95.59471366,95.59471366
MG_358_MONOMER,205,1BVS,E,PROTEIN (RUVA); HOLLIDA,100,1,197,96.09756098,96.09756098
MG_359_MONOMER,307,6BLB,A,Adenosylhomocysteinase ,99.9,2,297,96.41693811,96.32052117
MG_379_MONOMER,612,2ZXI,B,tRNA uridine 5-carboxym,100,1,612,100,100
MG_398_MONOMER,133,1FS0,E,GAMMA/EPSILON ATP SYNTH,100,1,133,100,100
MG_399_MONOMER,133,1FS0,E,GAMMA/EPSILON ATP SYNTH,100,1,133,100,100
MG_400_MONOMER,279,5DN6,G,UNK-UNK-UNK-UNK-UNK-UNK,100,1,279,100,100
MG_401_MONOMER,518,6FKF,C,ATP synthase subunit al,100,1,502,96.91119691,96.91119691
MG_402_MONOMER,176,5DN6,H,UNK-UNK-UNK-UNK-UNK-UNK,100,3,176,98.86363636,98.86363636
MG_403_MONOMER,208,6FKF,b,ATP synthase subunit al,99.9,34,205,82.69230769,82.60961538
MG_404_MONOMER,102,4BEM,A,F1FO ATPASE C2 SUBUNIT,99.6,23,102,78.43137255,78.11764706
MG_405_MONOMER,292,5DN6,X,UNK-UNK-UNK-UNK-UNK-UNK,100,9,272,90.4109589,90.4109589
MG_410_MONOMER,329,3NH6,A,ATP-binding cassette su,100,44,317,83.28267477,83.28267477
MG_411_MONOMER,654,2ONK,H,membrane protein; membr,99.8,341,637,45.41284404,45.32201835
MG_412_MONOMER,377,5WNN,B,Phosphate-binding prote,99.9,2,355,93.89920424,93.80530504
MG_419_MONOMER,597,1JR3,B,DNA POLYMERASE III SUBU,99.9,1,346,57.95644891,57.89849246
MG_421_MONOMER,954,3ZQJ,B,UVRABC SYSTEM PROTEIN A,100,13,951,98.42767296,98.42767296
MG_429_MONOMER,572,2HWG,A,Phosphoenolpyruvate-pro,100,3,570,99.3006993,99.3006993
MG_464_MONOMER,385,6AL2,A,Membrane protein insert,100,81,373,76.1038961,76.1038961
MG_465_MONOMER,128,2LJP,A,Ribonuclease P protein ,99.9,5,123,92.96875,92.87578125
MG_467_MONOMER,311,4HUQ,B,Energy-coupling factor ,100,79,311,74.91961415,74.91961415
MG_468_MONOMER,1783,5XU1,M,ABC transporter ATP-bin,99.6,1069,1783,40.10095345,39.94054964
MG_476_MONOMER,77,3DL8,E,SecA SecG SecY SecE;,99.7,1,77,100,99.7
MG_526_MONOMER,284,5XU1,B,ABC transporter ATP-bin,100,50,277,80.28169014,80.28169014
MG_026_MONOMER,190,3OYY,B,Elongation factor P; el,100,1,190,100,100
MG_037_MONOMER,450,6E68,B,Nicotinamide phosphorib,100,13,448,96.88888889,96.88888889
MG_083_MONOMER,189,4QT4,A,Peptidyl-tRNA hydrolase,100,3,188,98.41269841,98.41269841
MG_104_MONOMER,725,5XGU,B,Ribonuclease R (E.C.3.1,100,84,725,88.55172414,88.55172414
MG_125_MONOMER,285,4ZEV,A,PfHAD1; C2 HAD sugar p,100,1,277,97.19298246,97.19298246
MG_138_MONOMER,598,2YWE,A,GTP-binding protein lep,100,1,597,99.83277592,99.83277592
MG_142_MONOMER,619,1G7T,A,TRANSLATION INITIATION ,100,118,611,79.80613893,79.80613893
MG_145_MONOMER,269,2X0K,A,RIBOFLAVIN BIOSYNTHESIS,100,1,267,99.25650558,99.25650558
MG_171_MONOMER,214,2XB4,A,ADENYLATE KINASE (E.C.2,100,6,214,97.6635514,97.6635514
MG_173_MONOMER,70,2N78,A,Translation initiation ,99.7,2,70,98.57142857,98.27571429
MG_230_MONOMER,153,6EBQ,B,Protein NrdI; ribonucle,99.8,10,152,93.46405229,93.27712418
MG_245_MONOMER,165,1SBQ,B,Hypothetical protein MG,100,1,165,100,100
MG_253_MONOMER,428,3TQO,A,Cysteinyl-tRNA syntheta,100,1,428,100,100
MG_258_MONOMER,359,5J3C,XY, ribosome Peptide chai,100,3,359,99.44289694,99.44289694
MG_263_MONOMER,291,3DAO,B,Putative Phosphate; PUT,99.9,1,289,99.31271478,99.21340206
MG_266_MONOMER,792,5AH5,B,LEUCINE--TRNA LIGASE (E,100,1,791,99.87373737,99.87373737
MG_300_MONOMER,411,1PHP,A,3-PHOSPHOGLYCERATE KINA,100,2,410,99.513382,99.513382
MG_305_MONOMER,595,5TKY,A,Putative uncharacterize,100,2,583,97.81512605,97.81512605
MG_330_MONOMER,217,1CKE,A,PROTEIN (CYTIDINE MONOP,99.9,1,217,100,99.9
MG_332_MONOMER,239,1KON,A,Protein yebC; alpha/bet,100,1,239,100,100
MG_334_MONOMER,837,1GAX,B,VALYL-TRNA SYNTHETASE (,100,5,834,99.16367981,99.16367981
MG_342_MONOMER,168,1RLI,B,Trp Repressor Binding P,99.9,2,168,99.4047619,99.30535714
MG_345_MONOMER,895,1FFY,A,ISOLEUCYL-TRNA SYNTHETA,100,1,895,100,100
MG_356_MONOMER,280,4R78,A,Choline kinase (E.C.2.7,99.9,2,270,96.07142857,95.97535714
MG_365_MONOMER,311,3Q0I,A,Methionyl-tRNA formyltr,100,1,311,100,100
MG_371_MONOMER,324,5IPP,B,ifunctional oligoribonu,100,2,321,98.7654321,98.7654321
MG_374_MONOMER,274,2B30,A,Pvivax hypothetical pro,99.9,1,274,100,99.9
MG_377_MONOMER,193,1ZXJ,B,Hypothetical protein MG,99.9,1,193,100,99.9
MG_378_MONOMER,537,4R3Z,B,Aminoacyl tRNA synthase,100,4,537,99.44134078,99.44134078
MG_430_MONOMER,507,4QAX,A,23-bisphosphoglycerate,100,1,505,99.60552268,99.60552268
MG_435_MONOMER,183,1EH1,A,RIBOSOME RECYCLING FACT,100,1,182,99.45355191,99.45355191
MG_462_MONOMER,484,6B1Z,A,Glutamate--tRNA ligase ,100,1,482,99.58677686,99.58677686
MG_005_MONOMER,417,1WLE,A,Seryl-tRNA synthetase (,100,1,417,100,100
MG_006_MONOMER,210,2PLR,B,Probable thymidylate ki,99.9,1,207,98.57142857,98.47285714
MG_013_MONOMER,273,4CJX,B,C-1-TETRAHYDROFOLATE SY,100,1,269,98.53479853,98.53479853
MG_019_MONOMER,389,3LZ8,B,Putative chaperone DnaJ,100,2,374,95.88688946,95.88688946
MG_021_MONOMER,512,1RQG,A,Methionyl-tRNA syntheta,100,1,512,100,100
MG_023_MONOMER,288,4TO8,A,Fructose Bisphosphate a,100,1,288,100,100
MG_029_MONOMER,186,4K2H,D,Intracellular protease/,100,1,182,97.84946237,97.84946237
MG_030_MONOMER,206,1V9S,C,uracil phosphoribosyltr,100,1,206,100,100
MG_034_MONOMER,213,3E2I,A,Thymidine kinase (E.C.2,100,1,197,92.48826291,92.48826291
MG_035_MONOMER,414,1QE0,B,HISTIDYL-TRNA SYNTHETAS,100,3,414,99.51690821,99.51690821
MG_036_MONOMER,550,4AH6,D,ASPARTATE--TRNA LIGASE,100,1,545,99.09090909,99.09090909
MG_038_MONOMER,508,3H3N,O,Glycerol kinase (E.C.2.,100,2,505,99.21259843,99.21259843
MG_047_MONOMER,383,1RG9,B,S-adenosylmethionine sy,100,10,381,97.12793734,97.12793734
MG_049_MONOMER,238,1Z34,A,purine nucleoside phosp,100,1,237,99.57983193,99.57983193
MG_052_MONOMER,130,2D30,B,cytidine deaminase (E.C,99.9,1,130,100,99.9
MG_053_MONOMER,550,3UW2,A,Phosphoglucomutase/phos,100,40,550,92.90909091,92.90909091
MG_058_MONOMER,332,5MP7,A,Ribose-phosphate pyroph,100,5,323,96.08433735,96.08433735
MG_085_MONOMER,311,1KNX,A,Probable HPr(Ser) kinas,100,1,311,100,100
MG_089_MONOMER,688,2EFG,A,PROTEIN (ELONGATION FAC,100,1,687,99.85465116,99.85465116
MG_102_MONOMER,315,3F8D,B,Thioredoxin reductase (,100,1,315,100,100
MG_107_MONOMER,189,4YER,A,ABC transporter ATP-bin,99.9,2,177,93.12169312,93.02857143
MG_111_MONOMER,433,3FF1,B,Glucose-6-phosphate iso,100,4,433,99.30715935,99.30715935
MG_113_MONOMER,456,4EX5,B,Lysine--tRNA ligase (E.,100,2,453,99.12280702,99.12280702
MG_118_MONOMER,340,1WVG,A,CDP-glucose 46-dehydra,100,1,337,99.11764706,99.11764706
MG_126_MONOMER,347,2YY5,B,Tryptophanyl-tRNA synth,100,1,345,99.42363112,99.42363112
MG_128_MONOMER,259,2I2C,A,Probable inorganic poly,100,1,258,99.61389961,99.61389961
MG_132_MONOMER,141,3LB5,C,Hit-like protein involv,99.9,1,139,98.58156028,98.48297872
MG_136_MONOMER,490,6BNI,A,Lysine--tRNA ligase (E.,100,2,490,99.79591837,99.79591837
MG_137_MONOMER,404,4MO2,B,UDP-galactopyranose mut,100,20,404,95.2970297,95.2970297
MG_201_MONOMER,217,3A6M,B,Protein grpE; GRPE COI,100,39,217,82.48847926,82.48847926
MG_215_MONOMER,323,1ZXX,A,6-phosphofructokinase (,100,1,320,99.07120743,99.07120743
MG_216_MONOMER,508,1E0T,B,PYRUVATE KINASE (E.C.2.,100,5,504,98.42519685,98.42519685
MG_228_MONOMER,160,1ZDR,A,DIHYDROFOLATE REDUCTASE,100,1,160,100,100
MG_239_MONOMER,795,3M6A,C,ATP-dependent protease ,100,265,795,66.79245283,66.79245283
MG_240_MONOMER,350,4YBR,A,Nicotinate-nucleotide a,99.9,1,186,53.14285714,53.08971429
MG_251_MONOMER,446,1ATI,B,GLYCYL-TRNA SYNTHETASE;,100,5,446,99.10313901,99.10313901
MG_265_MONOMER,278,1RKQ,A,Hypothetical protein yi,100,1,278,100,100
MG_275_MONOMER,478,1NHP,A,NADH PEROXIDASE (NPX) (,100,2,471,98.32635983,98.32635983
MG_276_MONOMER,180,5YW5,A,Adenine phosphoribosylt,99.9,2,180,99.44444444,99.345
MG_283_MONOMER,483,4WI1,A,PlfaA.18681.a; SSGCID ,100,1,483,100,100
MG_292_MONOMER,900,3WQY,A,Alanine--tRNA ligase (E,100,1,900,100,100
MG_299_MONOMER,320,2AF4,C,Phosphate acetyltransfe,100,1,319,99.6875,99.6875
MG_301_MONOMER,337,5LD5,C,Glyceraldehyde-3-phosph,100,1,337,100,100
MG_351_MONOMER,184,5LS0,B,Soluble inorganic pyrop,100,1,165,89.67391304,89.67391304
MG_357_MONOMER,393,4H0P,B,acetate kinase (E.C.2.7,100,1,391,99.49109415,99.49109415
MG_375_MONOMER,564,1QF6,A,THREONYL-TRNA SYNTHETAS,100,2,563,99.64539007,99.64539007
MG_382_MONOMER,213,3W34,B,Uridine kinase (E.C.2.7,99.9,1,211,99.06103286,98.96197183
MG_383_MONOMER,248,1KQP,B,NH(3)-dependent NAD(+) ,100,1,240,96.77419355,96.77419355
MG_391_MONOMER,447,4ZLA,E,Cytosol aminopeptidase ,100,30,447,93.51230425,93.51230425
MG_394_MONOMER,406,4J5U,A,Serine hydroxymethyltra,100,1,401,98.76847291,98.76847291
MG_396_MONOMER,152,6MU0,A,Probable ribose-5-phosp,100,1,152,100,100
MG_407_MONOMER,458,4MKS,B,Enolase 2 (E.C.4.2.1.11,100,9,451,96.72489083,96.72489083
MG_427_MONOMER,141,1LQL,H,osmotical inducible pro,99.9,1,141,100,99.9
MG_431_MONOMER,244,3M9Y,A,Triosephosphate isomera,100,1,243,99.59016393,99.59016393
MG_433_MONOMER,298,4PC3,C,Elongation factor Tu 1,100,1,298,100,100
MG_434_MONOMER,243,2VA1,A,URIDYLATE KINASE (E.C.2,100,1,242,99.58847737,99.58847737
MG_451_MONOMER,394,2C78,A,ELONGATION FACTOR TU-A ,100,2,394,99.74619289,99.74619289
MG_453_MONOMER,292,5J49,B,UTP--glucose-1-phosphat,100,2,292,99.65753425,99.65753425
MG_455_MONOMER,396,1JIL,A,tyrosyl-tRNA synthetase,100,1,393,99.24242424,99.24242424
MG_458_MONOMER,175,3ACD,A,Hypoxanthine-guanine ph,99.9,1,175,100,99.9
MG_022_MONOMER,145,2M4K,A,DNA-directed RNA polyme,99.8,2,90,61.37931034,61.25655172
MG_070_MONOMER,284,5O61,BV, 50S ribosomal protein ,100,10,263,89.43661972,89.43661972
MG_081_MONOMER,137,5ZET,J,50S ribosomal protein L,100,1,136,99.27007299,99.27007299
MG_082_MONOMER,226,4REO,A,50S ribosomal protein L,100,1,226,100,100
MG_087_MONOMER,139,5NGM,Al, 30S ribosomal protein ,100,1,137,98.56115108,98.56115108
MG_088_MONOMER,155,1HUS,A,RIBOSOMAL PROTEIN S7; R,100,1,155,100,100
MG_090_MONOMER,208,3R3T,B,30S ribosomal protein S,99.8,1,93,44.71153846,44.62211538
MG_092_MONOMER,105,5LI0,r,30S ribosomal protein S,99.9,35,105,67.61904762,67.55142857
MG_093_MONOMER,150,1DIV,A,RIBOSOMAL PROTEIN L9; R,100,1,146,97.33333333,97.33333333
MG_150_MONOMER,106,4YBB,AJ, Ribosome; Protein bios,100,8,105,92.45283019,92.45283019
MG_151_MONOMER,257,5XYM,D,50S ribosomal protein L,100,1,216,84.04669261,84.04669261
MG_152_MONOMER,211,6HA1,E,50S ribosomal protein L,100,1,211,100,100
MG_153_MONOMER,106,5MYJ,BW, 30S ribosomal protein ,99.9,1,99,93.39622642,93.30283019
MG_154_MONOMER,285,5XYM,C,50S ribosomal protein L,100,1,284,99.64912281,99.64912281
MG_155_MONOMER,87,5MMM,s,50S ribosomal protein L,100,1,87,100,100
MG_156_MONOMER,144,6HMA,Q,50S ribosomal protein L,100,1,112,77.77777778,77.77777778
MG_157_MONOMER,268,5O61,BC, 50S ribosomal protein ,100,1,267,99.62686567,99.62686567
MG_158_MONOMER,138,6ERI,AM, 50S ribosomal protein ,100,1,134,97.10144928,97.10144928
MG_159_MONOMER,200,3J79,3,PROTEIN/RNA Complex; em,99.9,1,102,51,50.949
MG_160_MONOMER,85,5NGM,Aq, 30S ribosomal protein ,99.9,1,85,100,99.9
MG_161_MONOMER,122,4Y4O,1O, 50S Ribosomal Protein ,100,1,122,100,100
MG_162_MONOMER,108,5XYM,U,50S ribosomal protein L,99.9,2,108,99.07407407,98.975
MG_163_MONOMER,180,5XYM,F,50S ribosomal protein L,100,1,180,100,100
MG_164_MONOMER,61,4Y4O,2n, 50S Ribosomal Protein ,99.8,1,61,100,99.8
MG_165_MONOMER,141,4Y4O,1h, 50S Ribosomal Protein ,100,9,141,94.32624113,94.32624113
MG_166_MONOMER,184,4Y4O,2H, 50S Ribosomal Protein ,100,1,183,99.45652174,99.45652174
MG_167_MONOMER,115,4Y4O,1S, 50S Ribosomal Protein ,100,1,115,100,100
MG_168_MONOMER,211,4YBB,AE, Ribosome; Protein bios,100,57,211,73.45971564,73.45971564
MG_169_MONOMER,150,6HMA,J,50S ribosomal protein L,100,1,149,99.33333333,99.33333333
MG_174_MONOMER,37,4YBB,C5, Ribosome; Protein bios,99.8,1,37,100,99.8
MG_175_MONOMER,124,5NGM,Am, 30S ribosomal protein ,100,1,121,97.58064516,97.58064516
MG_176_MONOMER,121,4Y4O,1k, 50S Ribosomal Protein ,100,1,121,100,100
MG_177_MONOMER,328,5VI8,A,RNA polymerase-binding ,100,1,328,100,100
MG_178_MONOMER,123,6DZI,O,CONSERVED PROTEIN DOMAI,100,3,122,97.56097561,97.56097561
MG_194_MONOMER,341,4P72,C,Phenylalanine tRNA synt,100,1,340,99.70674487,99.70674487
MG_195_MONOMER,806,4P72,A,Phenylalanine tRNA synt,100,1,805,99.87593052,99.87593052
MG_196_MONOMER,181,5ME0,Y,30S ribosomal protein S,100,12,181,93.92265193,93.92265193
MG_197_MONOMER,59,4YBB,C4, Ribosome; Protein bios,99.7,1,59,100,99.7
MG_198_MONOMER,124,5XYM,Q,50S ribosomal protein L,100,1,124,100,100
MG_229_MONOMER,340,6GP3,A,Ribonucleoside-diphosph,100,1,340,100,100
MG_231_MONOMER,721,1PEQ,A,Ribonucleoside-diphosph,100,1,721,100,100
MG_232_MONOMER,100,4YBB,DS, Ribosome; Protein bios,100,1,98,98,98
MG_234_MONOMER,104,5NGM,AU, 30S ribosomal protein ,100,7,102,92.30769231,92.30769231
MG_257_MONOMER,97,5ZET,2,50S ribosomal protein L,99.9,1,76,78.35051546,78.27216495
MG_271_MONOMER,457,4DNA,A,Probable glutathione re,100,1,449,98.24945295,98.24945295
MG_272_MONOMER,384,3DVA,I,Pyruvate dehydrogenase ,100,1,384,100,100
MG_273_MONOMER,326,1UMD,B,2-oxo acid dehydrogenas,100,3,326,99.38650307,99.38650307
MG_274_MONOMER,358,2BFD,A,2-OXOISOVALERATE DEHYDR,100,8,357,97.76536313,97.76536313
MG_311_MONOMER,205,4YBB,BD, Ribosome; Protein bios,100,1,202,98.53658537,98.53658537
MG_325_MONOMER,53,5MYJ,B5, 30S ribosomal protein ,99.8,3,51,92.45283019,92.26792453
MG_340_MONOMER,1292,2A6H,D,DNA-directed RNA polyme,100,13,1289,98.83900929,98.83900929
MG_341_MONOMER,1390,5TW1,C,RNA polymerase-binding ,100,2,1369,98.41726619,98.41726619
MG_361_MONOMER,162,4V9O,C5, PROTEIN/RNA Complex; P,100,1,162,100,100
MG_362_MONOMER,122,4V9O,A6, PROTEIN/RNA Complex; P,99.9,2,122,99.18032787,99.08114754
MG_363_MONOMER,57,5MYJ,B4, 30S ribosomal protein ,99.9,1,56,98.24561404,98.14736842
MG_392_MONOMER,543,5DA8,a,60 kDa chaperonin; Stru,100,1,541,99.63167587,99.63167587
MG_393_MONOMER,110,1PCQ,Q,PROTEIN ADENOSINE-5'-D,99.9,1,102,92.72727273,92.63454545
MG_417_MONOMER,132,5NGM,Ai, 30S ribosomal protein ,100,1,132,100,100
MG_418_MONOMER,146,5MYJ,BM, 30S ribosomal protein ,100,1,146,100,100
MG_424_MONOMER,86,1A32,A,RIBOSOMAL PROTEIN S15; ,100,1,86,100,100
MG_426_MONOMER,64,2JZ6,A,50S ribosomal protein L,99.9,1,64,100,99.9
MG_444_MONOMER,119,6HMA,N,50S ribosomal protein L,100,4,118,96.63865546,96.63865546
MG_446_MONOMER,95,6HA1,p,50S ribosomal protein L,100,1,89,93.68421053,93.68421053
MG_466_MONOMER,48,4YBB,D3, Ribosome; Protein bios,99.7,1,46,95.83333333,95.54583333
MG_473_MONOMER,48,5MYJ,B5, 30S ribosomal protein ,99.8,1,48,100,99.8
MG_481_MONOMER,62,5NGM,Au, 30S ribosomal protein ,99.4,1,55,88.70967742,88.17741935
MG_522_MONOMER,88,6HA1,t,50S ribosomal protein L,99.9,1,81,92.04545455,91.95340909
