name,pdb,selection,bu,surface,pcpalAxis,offset
MG_014_015_DIMER,4Q4H,,AU,TRUE,"0,0,1","1,0,-37"
MG_014_MONOMER,4Q4H, or :A,AU,TRUE,"0,0,1","12,-4,-37"
MG_015_MONOMER,4Q4H, or :B,AU,TRUE,"0,0,1","-9,5,-38"
MG_028_MONOMER,MG_028_MONOMER_int.pdb,,AU,TRUE,"-0.29,-0.43,-0.86","12,14,30"
MG_033_TETRAMER,MG_033_TETRAMER_g.pdb,,AU,TRUE,"0,0,1","0,0,0"
MG_040_119_120_121_PENTAMER,4FI3,,AU,TRUE,"0,0,1","0,0,-12"
MG_041_062_429_PENTAMER,3qnq_2xdf.pdb,,AU,TRUE,"-0.02,0,-1","-10,-2,55"
MG_041_069_429_PENTAMER,2xdf_5iws.pdb,,AU,TRUE,"0.04,-0.99,0.1","-6,54,2"
MG_042_043_044_045_PENTAMER,3PUZ,,AU,TRUE,"0,0,1","-1,2,-10"
MG_055_170_277_464_476_20MER,5MG3,,AU,TRUE,"0,0,1","11,-2,7"
MG_061_MONOMER,MG_061_MONOMER_phy.pdb,,AU,TRUE,"0,0,1","0,0,0"
MG_064_065_TETRAMER,5XU1,,AU,TRUE,"0,0,1","1,-1,0"
MG_067_MONOMER,1LCY, or :B,AU,TRUE,"0,0,1","2.32e-16,-2e-17,40"
MG_068_MONOMER,1LCY, or :B,AU,TRUE,"0,0,1","2.32e-16,-2e-17,40"
MG_071_MONOMER,MG_071_MONOMER_int.pdb,,AU,TRUE,"-0.06,-0.01,-1","5,-1,36"
MG_075_MONOMER,6G04, or :A/0,AU,TRUE,"-0.9,0.41,-0.15","-22,29,1"
MG_076_MONOMER,MG_076_MONOMER_int.pdb,,AU,TRUE,"0.86,0.51,0.01","-4,-1,4"
MG_077_078_079_080_321_PENTAMER,4TQU,,AU,TRUE,"0,0,1","-2,-1,-6"
MG_086_MONOMER,MG_086_MONOMER_int.pdb,,AU,TRUE,"-0.21,0.07,0.97","0,0,0"
MG_095_MONOMER,5CYB,,AU,TRUE,"0,0,1","0,0,33"
MG_109_DIMER,MG_109_DIMER_g.pdb,,AU,TRUE,"0.75,0.21,-0.63","-38,0,44"
MG_109_DIMER,4X3F, or :A ,1,TRUE,"0.82,-0.57,-0.08","-42,22,-7"
MG_109_MONOMER,4X3F, or :C,AU,TRUE,"0.82,-0.57,-0.08","-42,22,-7"
MG_114_DIMER,MG_114_DIMER_g.pdb,,AU,TRUE,"-0.01,-0.02,1","1,5,-1"
MG_123_DIMER,3TM8,,1,TRUE,"0,0.24,1","0,0,-37"
MG_130_MONOMER,3HC1,,AU,TRUE,"0,0,1","0,0,0"
MG_131_MONOMER,MG_131_MONOMER_int.pdb,,AU,TRUE,"0.28,-0.49,-0.83","0,0,0"
MG_133_MONOMER,MG_133_MONOMER_it.pdb,,AU,TRUE,"0.99,-0.07,0.15","0,0,0"
MG_135_MONOMER,MG_135_MONOMER_int.pdb,,AU,TRUE,"0,0,1","0,0,0"
MG_144_MONOMER,5TCX, or :A,AU,TRUE,"0,0,1","2,4,11"
MG_147_MONOMER,MG_147_MONOMER_rap.pdb,,AU,TRUE,"-0.76,-0.21,0.62","-1,1,3"
MG_148_MONOMER,6EL1, or :A,AU,TRUE,"0,0,1","58,44,76"
MG_149_MONOMER,MG_149_MONOMER_int.pdb,,AU,TRUE,"0,0,1","2,-28,45"
MG_179_180_181_TETRAMER,5JSZ,,AU,TRUE,"0,0,1","-4,-3,-38"
MG_185_MONOMER,MG_185_MONOMER_phy.pdb,,AU,TRUE,"0.25,0.01,-1","23,39,-46"
MG_186_187_188_189_PENTAMER,4TQU,,AU,TRUE,"0,0,1","-2,-1,-6"
MG_191_MONOMER,6S3U, or :A,BU1,TRUE,"0.03,0.49,-1","-10,39,-82"
MG_191_MONOMER,6RUT, or :F,AU,TRUE,"0.6,-0.1,-0.79","46,-7,-70"
MG_192_MONOMER,6SE5, or :A,BU1,TRUE,"-0.41,0.98,-0.48","-10,87,-40"
MG_192_MONOMER,6RUT, or :G,AU,TRUE,"-0.34,0.34,-0.88","-5,40,-79"
MG_210_MONOMER,MG_210_MONOMER_int.pdb,,AU,TRUE,"0.13,0.99,-0.01","-1,1,0"
MG_212_MONOMER,MG_212_MONOMER_int.pdb,,AU,TRUE,"-0.11,-0.95,-0.3","4,35,8"
MG_225_DIMER,4DJK,,3,TRUE,"0,0,1","1,0,-2"
MG_225_MONOMER,4DJK, or :A,AU,TRUE,"0,0,1","1,0,-2"
MG_225_DIMER,MG_225_DIMER_g.pdb,,AU,TRUE,"-0.64,0.74,0.19","1,0,-2"
MG_226_DIMER,MG_226_DIMER_g.pdb,,AU,TRUE,"-0.83,0.56,0.06","0,0,0"
MG_226_DIMER,4DJK,,AU,TRUE,"0,0,1","1,0,-2"
MG_226_MONOMER,4DJK, or :A,AU,TRUE,"0,0,1","1,0,-2"
MG_241_MONOMER,2XWU, or :B,BU1,TRUE,"0,0,1","0,0,0"
MG_242_MONOMER,5XAM, or :A,AU,TRUE,"0,0,1","1,4,17"
MG_243_MONOMER,MG_243_MONOMER_int.pdb,,AU,TRUE,"-0.99,0.07,0.15","0,0,0"
MG_247_MONOMER,MG_247_MONOMER_int.pdb,,AU,TRUE,"-0.08,0.12,0.99","0,-1,-1"
MG_255_MONOMER,MG_255_MONOMER_rap.pdb,,AU,TRUE,"0,0,1","0,0,0"
MG_255_MONOMER,4PL0, or :A,AU,TRUE,"0,0,1","-10,2,-37"
MG_256_MONOMER,MG_256_MONOMER_int.pdb,,AU,TRUE,"0,-0.5,0.7","0,0,0"
MG_260_MONOMER,MG_260_MONOMER_phy.pdb,,AU,TRUE,"-0.02,-0.1,0.99","0,0,45"
MG_267_MONOMER,MG_267_MONOMER_it.pdb,,AU,TRUE,"0,0,1","0,0,0"
MG_279_MONOMER,MG_279_MONOMER_int.pdb,,AU,TRUE,"-0.81,-0.22,-0.54","4,1,3"
MG_280_MONOMER,5JEQ, or :A,AU,TRUE,"0,0,1","-7,0,10"
MG_281_MONOMER,MG_281_MONOMER_rap.pdb,,AU,TRUE,"-0.02,-0.89,-0.45","27,-43,-21"
MG_281_MONOMER,4NZR, or :M,AU,TRUE,"0,0,1","1,0,39"
MG_289_290_291_PENTAMER,2ONK_OPM.PDB, or :A or :B or :C or :D or :E,AU,TRUE,"0,0,1","1,0,-6"
MG_294_MONOMER,MG_294_MONOMER_rap.pdb,,AU,TRUE,"-0.15,-0.44,0.88","1,1,-3"
MG_302_303_304_TETRAMER,5X3X,,AU,TRUE,"0,0,1","-3,8,-37"
MG_306_MONOMER,4KPP, or :A,AU,TRUE,"0,0,1","-1,1,3"
MG_307_MONOMER,MG_307_MONOMER_int.pdb,,AU,TRUE,"0.68,-0.24,-0.69","-36,10,37"
MG_309_MONOMER,1QGK, or :A,BU1,TRUE,"-1,0.39,-0.1","0,0,0"
MG_313_MONOMER,MG_313_MONOMER_int.pdb,,AU,TRUE,"0.28,0.84,0.47","-1,-3,-2"
MG_314_MONOMER,MG_314_MONOMER_int.pdb,,AU,TRUE,"-0.94,-0.01,0.35","37,-4,-26"
MG_316_DIMER,MG_316_DIMER_g.pdb,,AU,TRUE,"0.9,-0.06,0.15","0,0,0"
MG_318_MONOMER,MG_318_MONOMER_rap.pdb,,AU,TRUE,"-0.8,0.02,0.6","-2,0,2"
MG_319_MONOMER,5TCX, or :A,AU,TRUE,"0,0,1","2,4,11"
MG_320_MONOMER,MG_320_MONOMER_int.pdb,,AU,TRUE,"-0.09,-0.99,0.08","0,0,0"
MG_322_323_TETRAMER,4J7C,,AU,TRUE,"0,0,1","0,0,-35"
MG_331_MONOMER,MG_331_MONOMER_int.pdb,,AU,TRUE,"-0.35,0.92,-0.19","13,-50,13"
MG_338_MONOMER,4MND, or :A,AU,TRUE,"0,0,1","-22,-5,-27"
MG_348_MONOMER,MG_348_MONOMER_int.pdb,,AU,TRUE,"0.01,0.91,0.46","-4,45,-10"
MG_354_MONOMER,1TM9, or :A/1,AU,TRUE,"0,0,1","0,0,0"
MG_364_MONOMER,MG_364_MONOMER_int.pdb,,AU,TRUE,"-0.43,-0.45,-0.79","-3,2,39"
MG_390_DIMER,MG_390_DIMER_g.pdb,,AU,TRUE,"-0.25,0,-0.97","5,-4,28"
MG_395_MONOMER,5ZVJ, or :A,1,TRUE,"-0.29,0.18,-0.94","-11,6,-38"
MG_398_399_400_401_402_403_404_405_22MER,5T4O,,AU,TRUE,"-0.04,-0.19,-0.98","0,0,99"
MG_403_MONOMER,5T4O, or :I,AU,TRUE,"-0.04,-0.19,-0.98","0,0,99"
MG_404_MONOMER,5T4O, or :M,AU,TRUE,"0,0,1","0,0,0"
MG_405_MONOMER,5T4O, or :K,AU,TRUE,"-0.04,-0.19,-0.98","-1,-11,5"
MG_406_MONOMER,MG_406_MONOMER_rap.pdb,,AU,TRUE,"0.88,-0.01,0.47","-8,-2,-2"
MG_410_411_412_PENTAMER,3tui_5wnn.pdb,,AU,TRUE,"0.73,-0.17,0.66","-14,-2,-10"
MG_432_MONOMER,MG_432_MONOMER_int.pdb,,AU,TRUE,"0.98,0.23,-0.07","0,0,0"
MG_437_DIMER,MG_437_DIMER_g.pdb,,AU,TRUE,"0.44,-0.11,0.89","0,0,0"
MG_439_MONOMER,MG_439_MONOMER_int.pdb,,AU,TRUE,"0.66,-0.69,0.29","25,-19,24"
MG_440_MONOMER,MG_440_MONOMER_rap.pdb,,AU,TRUE,"0,1,1","0,0,0"
MG_441_MONOMER,MG_441_MONOMER_int.pdb,,AU,TRUE,"0.65,-0.17,-0.74","-16,-3,27"
MG_443_MONOMER,4W6V, or :A,AU,TRUE,"0,0,1","1,0,-3"
MG_447_MONOMER,MG_447_MONOMER_sw.pdb,,AU,TRUE,"0,0,1","0,0,0"
MG_452_MONOMER,MG_452_MONOMER_int.pdb,,AU,TRUE,"0.04,-1,0.03","0,4,-1"
MG_456_MONOMER,6B85, or :A,AU,TRUE,"0,0,1","-4,17,-42"
MG_457_HEXAMER,MG_457_HEXAMER_sw.pdb,,AU,TRUE,"-0.75,-0.45,-0.26","48,26,8"
MG_457_HEXAMER,6AZ0, or :B,AU,TRUE,"0.01,-0.21,1","0,13,-55"
MG_467_468_526_TETRAMER,5XU1,,AU,TRUE,"0,0,1","1,-1,0"
MG_474_MONOMER,MG_474_MONOMER_int.pdb,,AU,TRUE,"-0.13,-0.03,0.99","0,0,0"
MG_478_MONOMER,MG_478_MONOMER_int.pdb,,AU,TRUE,"0,0,1","0,0,0"
MG_515_MONOMER,3X29, or :A,AU,TRUE,"0,0,1","-1,2,8"
MG_521_MONOMER,MG_521_MONOMER_int.pdb,,AU,TRUE,"0.49,-0.85,0.19","1,-1,3"
MG_524_MONOMER,MG_524_MONOMER_rap.pdb,,AU,TRUE,"-0.85,-0.53,0.09","0,0,0"
DNA_GYRASE,6RKW, or :A or :C or :B or :D,AU,,"-0.56,-0.82,0.09","2,-4,9"
DNA_GYRASE,4juo_aligned.pdb,,AU,,"0,0,1","0,0,0"
DNA_POLYMERASE_2CORE_BETA_CLAMP_GAMMA_COMPLEX_PRIMASE,DNA_POLYMERASE_2CORE_BETA_CLAMP_GAMMA_COMPLEX_PRIMASE.pdb, or :J or :K or :X or :A or :C or :L or :M or :O or :P or :T,AU,,"-0.06,-0.01,-1","5,-1,36"
DNA_POLYMERASE_CORE,5FKW, or :A or :B or :C or :D,AU,,"0,0,1","0,0,0"
DNA_POLYMERASE_CORE_BETA_CLAMP_GAMMA_COMPLEX,DNA_POLYMERASE_CORE_BETA_CLAMP_GAMMA_COMPLEX.pdb, or :X or :A or :K or :J or :L or :T or :O or :P or :M,AU,,"0,0,1","0,0,0"
DNA_POLYMERASE_CORE_BETA_CLAMP_PRIMASE,DNA_POLYMERASE_CORE_BETA_CLAMP_PRIMASE.pdb,,AU,,"0,0,1","0,0,0"
DNA_POLYMERASE_GAMMA_COMPLEX,DNA_POLYMERASE_GAMMA_COMPLEX.pdb,,AU,,"0,0,1","0,0,0"
DNA_POLYMERASE_HOLOENZYME,DNA_POLYMERASE_HOLOENZYME.pdb, or :J or :K or :X or :A or :L or :M or :O or :P or :T,AU,,"0,0,1","0,0,0"
MG_0001_048,3DM5,,1,,"0,0,1","0,0,0"
MG_0003_465,6D1R,,AU,,"0,0,1","0,0,0"
MG_001_DIMER,MG_001_DIMER_g.pdb, or :A or :B,AU,,"0,0,1","0,0,0"
MG_001_MONOMER,5FKW, or :B,AU,,"0,0,1","0,0,0"
MG_002_MONOMER,MG_002_MONOMER_int.pdb,,AU,,"0,0,1","0,0,0"
MG_003_MONOMER,4juo_aligned.pdb, or :C,AU,,"0,0,1","0,0,0"
MG_004_MONOMER,4juo_aligned.pdb, or :A,AU,,"0,0,1","0,0,0"
MG_005_DIMER,sers.pdb, or :A or :B,AU,,"0,0,1","0,0,0"
MG_005_MONOMER,sers.pdb, or :A,AU,,"0,0,1","0,0,0"
MG_006_DIMER,tmk.pdb,,AU,,"0,0,1","0,0,0"
MG_006_MONOMER,tmk.pdb, or :A,AU,,"0,0,1","0,0,0"
MG_007_MONOMER,1JR3, or :E,AU,,"0,0,1","0,0,0"
MG_008_379_TETRAMER,3geh_2zxi.pdb,,AU,,"0,0,1","0,0,0"
MG_008_MONOMER,3GEH, or :A,AU,,"0,0,1","0,0,0"
MG_009_MONOMER,MG_009_MONOMER_int.pdb,,AU,,"0,0,1","0,0,0"
MG_010_MONOMER,MG_010_MONOMER_int.pdb,,AU,,"0,0,1","0,0,0"
MG_011_MONOMER,MG_011_MONOMER_int.pdb,,AU,,"0,0,1","0,0,0"
MG_012_MONOMER,MG_012_MONOMER_int.pdb,,AU,,"0,0,1","0,0,0"
MG_013_DIMER,MG_013_DIMER_g.pdb,,AU,,"0,0,1","0,0,0"
MG_013_MONOMER,MG_013_DIMER_g.pdb, or :A,AU,,"0,0,1","0,0,0"
MG_018_MONOMER,MG_018_MONOMER_it.pdb,,AU,,"0,0,1","0,0,0"
MG_019_DIMER,dnaj.pdb, or :A or :B,AU,,"0,0,1","0,0,0"
MG_019_MONOMER,dnaj.pdb, or :A,AU,,"0,0,1","0,0,0"
MG_020_MONOMER,MG_020_MONOMER_int.pdb,,AU,,"0,0,1","0,0,0"
MG_021_DIMER,metg.pdb,,AU,,"0,0,1","0,0,0"
MG_021_MONOMER,metg.pdb, or :A,AU,,"0,0,1","0,0,0"
MG_021_DIMER,MG_021_DIMER_g.pdb,,AU,,"0,0,1","0,0,0"
MG_021_MONOMER,MG_021_DIMER_g.pdb, or :A,AU,,"0,0,1","0,0,0"
MG_022_MONOMER,2M4K, or :A/0,AU,,"0,0,1","0,0,0"
MG_022_MONOMER,rnap.pdb, or :E,AU,,"0,0,1","0,0,0"
MG_023_DIMER,MG_023_DIMER_g.pdb,,AU,,"0,0,1","0,0,0"
MG_023_MONOMER,MG_023_DIMER_g.pdb, or :A,AU,,"0,0,1","0,0,0"
MG_024_MONOMER,MG_024_MONOMER_int.pdb,,AU,,"0,0,1","0,0,0"
MG_025_MONOMER,MG_025_MONOMER_int.pdb,,AU,,"0,0,1","0,0,0"
MG_026_MONOMER,efp.pdb, or :A,AU,,"0,0,1","0,0,0"
MG_027_MONOMER,1Q8C, or :A,BU1,,"0,0,1","0,0,0"
MG_029_DIMER,MG_029_DIMER_g.pdb,,AU,,"0,0,1","0,0,0"
MG_029_MONOMER,MG_029_DIMER_g.pdb, or :A,AU,,"0,0,1","0,0,0"
MG_030_MONOMER,MG_030_TRIMER_g.pdb, or :A,AU,,"0,0,1","0,0,0"
MG_030_TRIMER,MG_030_TRIMER_g.pdb,,AU,,"0,0,1","0,0,0"
MG_031_MONOMER,5FKW, or :A,AU,,"0,0,1","0,0,0"
MG_032_MONOMER,MG_032_MONOMER_int.pdb,,AU,,"0,0,1","0,0,0"
MG_033_MONOMER,MG_033_TETRAMER_g.pdb, or :A,AU,,"0,0,1","0,0,0"
MG_034_DIMER,tdk.pdb,,AU,,"0,0,1","0,0,0"
MG_034_MONOMER,tdk.pdb, or :A,AU,,"0,0,1","0,0,0"
MG_035_DIMER,MG_035_DIMER_g.pdb,,AU,,"0,0,1","0,0,0"
MG_035_MONOMER,MG_035_DIMER_g.pdb, or :A,AU,,"0,0,1","0,0,0"
MG_036_DIMER,MG_036_DIMER_g.pdb,,AU,,"0,0,1","0,0,0"
MG_036_DIMER,1EFW, or :A,AU,,"0,0,1","0,0,0"
MG_036_MONOMER,MG_036_DIMER_g.pdb, or :A,AU,,"0,0,1","0,0,0"
MG_036_MONOMER,asps.pdb, or :A,AU,,"0,0,1","0,0,0"
MG_037_MONOMER,namp.pdb, or :A,AU,,"0,0,1","0,0,0"
MG_038_MONOMER,MG_038_TETRAMER_g.pdb, or :A,AU,,"0,0,1","0,0,0"
MG_038_TETRAMER,MG_038_TETRAMER_g.pdb,,AU,,"0,0,1","0,0,0"
MG_039_DIMER,MG_039_DIMER_g.pdb,,AU,,"0,0,1","0,0,0"
MG_039_MONOMER,MG_039_DIMER_g.pdb, or :A,AU,,"0,0,1","0,0,0"
MG_040_MONOMER,4FI3, or :F,AU,,"0,0,1","-1,-2,33"
MG_041_MONOMER,2XDF, or :C,AU,,"0,0,1","0,0,0"
MG_042_MONOMER,3PUZ, or :A,BU1,,"0,0,1","5,-4,-56"
MG_043_MONOMER,3PUZ, or :F,AU,,"0,0,1","7,-3,15"
MG_044_MONOMER,3PUZ, or :G,AU,,"0,0,1","0,8,1"
MG_045_MONOMER,3PUZ, or :E,AU,,"0,0,1","-5,3,40"
MG_046_DIMER,MG_046_DIMER_g.pdb,,AU,,"0,0,1","0,0,0"
MG_046_MONOMER,MG_046_DIMER_g.pdb, or :A,AU,,"0,0,1","0,0,0"
MG_047_MONOMER,MG_047_TETRAMER_g.pdb, or :A,AU,,"0,0,1","0,0,0"
MG_047_TETRAMER,MG_047_TETRAMER_g.pdb,,AU,,"0,0,1","0,0,0"
MG_048_MONOMER,3DM5, or :A,AU,,"0,0,1","0,0,0"
MG_049_HEXAMER,deod.pdb,,AU,,"0,0,1","0,0,1"
MG_049_MONOMER,deod.pdb, or :A,AU,,"0,0,1","0,0,0"
MG_050_MONOMER,MG_050_MONOMER_int.pdb,,AU,,"0,0,1","0,0,0"
MG_051_DIMER,MG_051_DIMER_sw.pdb,,AU,,"0,0,1","0,0,0"
MG_051_MONOMER,MG_051_DIMER_sw.pdb, or :A,AU,,"0,0,1","0,0,0"
MG_052_DIMER,cdd.pdb,,AU,,"0,0,1","0,0,0"
MG_052_MONOMER,cdd.pdb, or :A,AU,,"0,0,1","0,0,0"
MG_053_MONOMER,manb.pdb, or :0,AU,,"0,0,1","0,0,0"
MG_053_TRIMER,manb.pdb,,AU,,"0,0,1","0,0,0"
MG_054_MONOMER,MG_054_MONOMER_int.pdb,,AU,,"0,0,1","0,0,0"
MG_055_MONOMER,5MG3, or :E,AU,,"0,0,1","39,7,-12"
MG_056_MONOMER,MG_056_MONOMER_int.pdb,,AU,,"0,0,1","0,0,0"
MG_057_MONOMER,MG_057_MONOMER_int.pdb,,AU,,"0,0,1","0,0,0"
MG_058_HEXAMER,MG_058_HEXAMER_g.pdb,,AU,,"0,0,1","0,0,0"
MG_058_MONOMER,MG_058_HEXAMER_g.pdb, or :A,AU,,"0,0,1","0,0,0"
MG_059_MONOMER,MG_059_MONOMER_int.pdb,,AU,,"0,0,1","0,0,0"
MG_060_MONOMER,MG_060_MONOMER_int.pdb,,AU,,"0,0,1","0,0,0"
MG_062_MONOMER,3QNQ, or :A,AU,,"0,0,1","19,-3,-2"
MG_063_DIMER,MG_063_DIMER_g.pdb,,AU,,"0,0,1","0,0,0"
MG_063_MONOMER,MG_063_DIMER_g.pdb,or :A,AU,,"0,0,1","0,0,0"
MG_064_MONOMER,5XU1, or :B,AU,,"0,0,1","17,5,-43"
MG_065_MONOMER,5XU1, or :A,AU,,"0,0,1","1,-1,0"
MG_066_DIMER,MG_066_DIMER_g.pdb,,AU,,"0,0,1","0,0,0"
MG_066_MONOMER,MG_066_DIMER_g.pdb, or :A,AU,,"0,0,1","0,0,0"
MG_069_MONOMER,5IWS, or :A,AU,,"0,0,1","18,-6,4"
MG_070_MONOMER,r30p_new.pdb,or :B,AU,,"0,0,1","0,0,0"
MG_072_DIMER,MG_072_DIMER_sw.pdb,,AU,,"0,0,1","0,0,0"
MG_072_MONOMER,MG_072_DIMER_sw.pdb,or :A,AU,,"0,0,1","0,0,0"
MG_073_206_421_TETRAMER,3UWX,,1,,"-0.57,-0.66,0.49","-15,2,6"
MG_073_MONOMER,3UWX, or :B,AU,,"0,0,1","0,0,0"
MG_074_MONOMER,MG_074_MONOMER_int.pdb,,AU,,"0,0,1","0,0,0"
MG_077_MONOMER,4TQU, or :N,AU,,"0,0,1","-7,-5,2"
MG_078_MONOMER,4TQU, or :M,AU,,"0,0,1","6,4,3"
MG_079_MONOMER,4TQU, or :T,BU1,,"0,0,1","0,0,0"
MG_080_MONOMER,4TQU, or :S,BU1,,"0,0,1","0,0,0"
MG_081_MONOMER,r50p_new.pdb, or :N,AU,,"0,0,1","0,0,0"
MG_082_MONOMER,r50p_new.pdb, or :C,AU,,"0,0,1","0,0,0"
MG_083_MONOMER,pth.pdb, or :0,AU,,"0,0,1","0,0,0"
MG_084_MONOMER,MG_084_TETRAMER_g.pdb, or :A,AU,,"0,0,1","0,0,0"
MG_084_TETRAMER,MG_084_TETRAMER_g.pdb,,AU,,"0,0,1","0,0,0"
MG_084_TETRAMER,3AK2, or :A,AU,,"0,0,1","0,0,0"
MG_085_HEXAMER,MG_085_HEXAMER_g.pdb,,AU,,"0,0,1","0,0,0"
MG_085_MONOMER,MG_085_HEXAMER_g.pdb, or :A,AU,,"0,0,1","0,0,0"
MG_087_MONOMER,r30p_new.pdb, or :L,AU,,"0,0,1","0,0,0"
MG_088_MONOMER,r30p_new.pdb, or :G,AU,,"0,0,1","0,0,0"
MG_089_DIMER,fusa.pdb,,AU,,"0,0,1","0,0,0"
MG_089_MONOMER,fusa.pdb, or :0,AU,,"0,0,1","0,0,0"
MG_090_MONOMER,r30p_new.pdb, or :F,AU,,"0,0,1","0,0,0"
MG_091_MONOMER,MG_091_TETRAMER_sw.pdb, or :A,AU,,"0,0,1","0,0,0"
MG_091_OCTAMER,MG_091_TETRAMER_sw.pdb,,AU,,"0,0,1","0,0,0"
MG_091_TETRAMER,MG_091_TETRAMER_sw.pdb,,AU,,"0,0,1","0,0,0"
MG_092_MONOMER,r30p_new.pdb, or :R,AU,,"0,0,1","0,0,0"
MG_093_MONOMER,r50p_new.pdb, or :L,AU,,"0,0,1","0,0,0"
MG_094_HEXAMER,MG_094_HEXAMER_sw.pdb,,AU,,"0,0,1","0,0,0"
MG_094_MONOMER,4NMN, or :A,AU,,"0,0,1","0,0,0"
MG_096_MONOMER,MG_096_MONOMER_int.pdb,,AU,,"0,0,1","0,0,0"
MG_097_MONOMER,MG_097_MONOMER_int.pdb,,AU,,"0,0,1","0,0,0"
MG_097_MONOMER,3ZOQ, or :A,AU,,"0.18,-0.04,-0.98","17,-7,2"
MG_098_099_100_TRIMER,3AL0, or :A or :B or :C,AU,,"0,0,1","1,-1,0"
MG_098_MONOMER,3AL0, or :C,AU,,"-0.24,0.97,0.08","0,45,-11"
MG_099_MONOMER,3AL0, or :A,AU,,"0,0,1","0,0,0"
MG_100_MONOMER,3AL0, or :B,AU,,"0,0,1","0,0,0"
MG_101_MONOMER,MG_101_MONOMER_int.pdb, or :A,AU,,"0.45,-0.47,0.76","-12,11,-35"
MG_101_MONOMER,4U0W, or :B,AU,,"0.95,0.15,-0.29","-12,11,-35"
MG_102_DIMER,trxb.pdb,,AU,,"0,0,1","0,0,0"
MG_102_DIMER_ox,trxb.pdb,,AU,,"0,0,1","0,0,0"
MG_102_MONOMER,trxb.pdb, or :A,AU,,"0,0,1","0,0,0"
MG_103_MONOMER,MG_103_MONOMER_int.pdb,,AU,,"0,0,1","0,0,0"
MG_104_MONOMER,rnr.pdb, or :A,AU,,"0,0,1","0,0,0"
MG_105_MONOMER,MG_105_OCTAMER_g.pdb, or :A,AU,,"0,0,1","0,0,0"
MG_105_OCTAMER,MG_105_OCTAMER_g.pdb,,AU,,"0,0,1","0,0,0"
MG_106_DIMER,MG_106_DIMER_g.pdb,,AU,,"0,0,1","0,0,0"
MG_106_MONOMER,MG_106_DIMER_g.pdb, or :A,AU,,"0,0,1","0,0,0"
MG_107_DIMER,MG_107_DIMER_g.pdb,,AU,,"0,0,1","0,0,0"
MG_107_MONOMER,MG_107_DIMER_g.pdb, or :A,AU,,"0,0,1","0,0,0"
MG_108_MONOMER,MG_108_MONOMER_int.pdb,,AU,,"0,0,1","0,0,0"
MG_109_MONOMER,MG_109_DIMER_g.pdb, or :A,AU,,"0,0,1","0,0,0"
MG_110_MONOMER,MG_110_MONOMER_rap.pdb,,AU,,"0,0,1","0,0,0"
MG_111_DIMER,pgi.pdb,,AU,,"0,0,1","0,0,0"
MG_111_MONOMER,pgi1.pdb, or :A,AU,,"0,0,1","0,0,0"
MG_112_DIMER,MG_112_DIMER_sw.pdb, or :A or :B,AU,,"0,0,1","0,0,0"
MG_112_MONOMER,MG_112_DIMER_sw.pdb, or :A,AU,,"0,0,1","0,0,0"
MG_113_DIMER,MG_113_DIMER_g.pdb,,AU,,"0,0,1","0,0,0"
MG_113_MONOMER,MG_113_DIMER_g.pdb, or :A,AU,,"0,0,1","0,0,0"
MG_114_MONOMER,MG_114_DIMER_g.pdb, or :A,AU,,"0,0,1","0,0,0"
MG_115_MONOMER,MG_115_MONOMER_int.pdb,,AU,,"0,0,1","0,0,0"
MG_116_MONOMER,MG_116_MONOMER_int.pdb,,AU,,"0,0,1","0,0,0"
MG_117_MONOMER,MG_117_MONOMER_int.pdb,,AU,,"0,0,1","0,0,0"
MG_118_DIMER,gale.pdb,,AU,,"0,0,1","0,0,0"
MG_118_MONOMER,gale.pdb, or :A,AU,,"0,0,1","0,0,0"
MG_119_MONOMER,4FI3, or :C,AU,,"0,0,1","0,0,0"
MG_120_MONOMER,4FI3, or :A,AU,,"0,0,1","-15,-6,-3"
MG_121_MONOMER,4FI3, or :B,AU,,"0,0,1","-15,-6,-3"
MG_122_MONOMER,4RUL, or :A,AU,,"0.99,-0.12,0","9,-4,41"
MG_122_MONOMER,MG_122_MONOMER_int.pdb,,AU,,"0,0,1","0,0,0"
MG_123_MONOMER,3TM8, or :A,1,,"0,0.24,1","0,0,-37"
MG_124_MONOMER,MG_124_MONOMER_int.pdb,,AU,,"0,0,1","0,0,0"
MG_124_MONOMER_ox,MG_124_MONOMER_int.pdb,,AU,,"0,0,1","0,0,0"
MG_125_MONOMER,cof.pdb, or :0,AU,,"0,0,1","0,0,0"
MG_126_DIMER,MG_126_DIMER_g.pdb,,AU,,"0,0,1","0,0,0"
MG_126_MONOMER,MG_126_DIMER_g.pdb, or :A,AU,,"0,0,1","0,0,0"
MG_127_MONOMER,1S3C, or :A,AU,,"-0.63,0.69,-0.36","-5,17,14"
MG_127_MONOMER,MG_127_MONOMER_int.pdb,,AU,,"0,0,1","0,0,0"
MG_127_MONOMER_ox,MG_127_MONOMER_int.pdb,,AU,,"0,0,1","0,0,0"
MG_127_MONOMER_ox,1S3C, or :A,AU,,"-0.89,0.45,0.02","1,14,18"
MG_128_HEXAMER,MG_128_HEXAMER_g.pdb,,AU,,"0,0,1","0,0,0"
MG_128_MONOMER,MG_128_HEXAMER_g.pdb, or :A,AU,,"0,0,1","0,0,0"
MG_129_MONOMER,MG_129_MONOMER_int.pdb,,AU,,"0,0,1","0,0,0"
MG_132_DIMER,hint.pdb,,AU,,"0,0,1","0,0,0"
MG_132_MONOMER,hint.pdb, or :A,AU,,"0,0,1","0,0,0"
MG_134_MONOMER,MG_134_MONOMER_int.pdb,,AU,,"0,0,1","0,0,0"
MG_136_DIMER,lyss.pdb,,AU,,"0,0,1","0,0,0"
MG_136_MONOMER,lyss.pdb, or :A,AU,,"0,0,1","0,0,0"
MG_137_DIMER,glf.pdb,,AU,,"0,0,1","0,0,0"
MG_137_MONOMER,glf.pdb, or :A,AU,,"0,0,1","0,0,0"
MG_138_MONOMER,lepa.pdb, or :0,AU,,"0,0,1","0,0,0"
MG_139_DIMER,MG_139_DIMER_g.pdb,,AU,,"0,0,1","0,0,0"
MG_139_MONOMER,MG_139_DIMER_g.pdb, or :A,AU,,"0,0,1","0,0,0"
MG_140_MONOMER,MG_140_MONOMER_phy.pdb,,AU,,"0,0,1","0,0,0"
MG_141_MONOMER,MG_141_MONOMER_phy.pdb,,AU,,"0,0,1","0,0,0"
MG_142_MONOMER,if2.pdb, or :0,AU,,"0,0,1","0,0,0"
MG_143_MONOMER,MG_143_MONOMER_int.pdb,,AU,,"0,0,1","0,0,0"
MG_145_MONOMER,ribf.pdb, or :A,AU,,"0,0,1","0,0,0"
MG_146_MONOMER,MG_146_MONOMER_rap.pdb,,AU,,"0,0,1","0,0,0"
MG_150_MONOMER,r30p_new.pdb, or :J,AU,,"0,0,1","0,0,0"
MG_151_MONOMER,r50p_new.pdb, or :E,AU,,"0,0,1","0,0,0"
MG_152_MONOMER,r50p_new.pdb, or :F,AU,,"0,0,1","0,0,0"
MG_153_MONOMER,r50p_new.pdb, or :0,AU,,"0,0,1","0,0,0"
MG_154_MONOMER,r50p_new.pdb, or :D,AU,,"0,0,1","0,0,0"
MG_155_MONOMER,r30p_new.pdb, or :S,AU,,"0,0,1","0,0,0"
MG_156_MONOMER,r50p_new.pdb, or :X,AU,,"0,0,1","0,0,0"
MG_157_MONOMER,r30p_new.pdb, or :C,AU,,"0,0,1","0,0,0"
MG_158_MONOMER,r50p_new.pdb, or :R,AU,,"0,0,1","0,0,0"
MG_159_MONOMER,r50p_new.pdb, or :3,AU,,"0,0,1","0,0,0"
MG_160_MONOMER,r30p_new.pdb, or :Q,AU,,"0,0,1","0,0,0"
MG_161_MONOMER,r50p_new.pdb, or :P,AU,,"0,0,1","0,0,0"
MG_162_MONOMER,r50p_new.pdb, or :Z,AU,,"0,0,1","0,0,0"
MG_163_MONOMER,r50p_new.pdb, or :G,AU,,"0,0,1","0,0,0"
MG_164_MONOMER,r30p_new.pdb, or :N,AU,,"0,0,1","0,0,0"
MG_165_MONOMER,r30p_new.pdb, or :H,AU,,"0,0,1","0,0,0"
MG_166_MONOMER,r50p_new.pdb, or :H,AU,,"0,0,1","0,0,0"
MG_167_MONOMER,r50p_new.pdb, or :T,AU,,"0,0,1","0,0,0"
MG_168_MONOMER,r30p_new.pdb, or :E,AU,,"0,0,1","0,0,0"
MG_169_MONOMER,r50p_new.pdb, or :Q,AU,,"0,0,1","0,0,0"
MG_170_MONOMER,5MG3, or :Y,AU,,"0,0,1","28,3,-11"
MG_171_MONOMER,adk.pdb, or :0,AU,,"0,0,1","0,0,0"
MG_172_MONOMER,MG_172_MONOMER_int.pdb,,AU,,"0,0,1","0,0,0"
MG_173_MONOMER,if1.pdb, or :0,AU,,"0,0,1","0,0,0"
MG_174_MONOMER,r50p_new.pdb, or :9,AU,,"0,0,1","0,0,0"
MG_175_MONOMER,r30p_new.pdb, or :M,AU,,"0,0,1","0,0,0"
MG_176_MONOMER,MG_176_MONOMER_sw.pdb,,AU,,"0,0,1","0,0,0"
MG_177_MONOMER,rnap.pdb, or :A,AU,,"0,0,1","0,0,0"
MG_178_MONOMER,r50p_new.pdb, or :S,AU,,"0,0,1","0,0,0"
MG_179_MONOMER,5JSZ, or :A,AU,,"0,0,1","0,0,0"
MG_180_MONOMER,5JSZ, or :C,AU,,"0,0,1","0,0,0"
MG_181_MONOMER,5JSZ, or :B,AU,,"0,0,1","-12,10,-55"
MG_182_DIMER,MG_182_DIMER_g.pdb,,AU,,"0,0,1","0,0,0"
MG_182_MONOMER,MG_182_DIMER_g.pdb, or :A,AU,,"0,0,1","0,0,0"
MG_183_MONOMER,MG_183_MONOMER_int.pdb,,AU,,"0,0,1","0,0,0"
MG_184_DIMER,2OKC, or :A,AU,,"0,0,1","0,0,0"
MG_184_MONOMER,MG_184_DIMER_g.pdb, or :A,AU,,"0,0,1","0,0,0"
MG_184_MONOMER,2OKC, or :A,AU,,"-0.65,-0.15,0.75","-22,-13,-25"
MG_186_MONOMER,4TQU, or :Q,AU,,"0,0,1","0,0,0"
MG_187_MONOMER,4TQU, or :S,AU,,"0,0,1","0,0,0"
MG_188_MONOMER,4TQU, or :N,AU,,"0,0,1","-7,-5,2"
MG_189_MONOMER,4TQU, or :M,AU,,"0,0,1","6,4,3"
MG_190_MONOMER,MG_190_MONOMER_int.pdb,,AU,,"0,0,1","0,0,0"
MG_194_195_TETRAMER,phes.pdb, or :A or :B or :C or :D,AU,,"0,0,1","0,0,0"
MG_194_195_TETRAMER,2IY5, or :A or :B,1,,"0,0,1","0,0,0"
MG_194_MONOMER,phes.pdb, or :A,AU,,"0,0,1","0,0,0"
MG_195_MONOMER,phes.pdb, or :B,AU,,"0,0,1","0,0,0"
MG_196_MONOMER,MG_196_MONOMER_sw.pdb,,AU,,"-0.69,-0.69,0.23","28,42,-4"
MG_197_MONOMER,r50p_new.pdb, or :8,AU,,"0,0,1","0,0,0"
MG_198_MONOMER,r50p_new.pdb, or :V,AU,,"0,0,1","0,0,0"
MG_199_MONOMER,MG_199_MONOMER_int.pdb,,AU,,"0,0,1","0,0,0"
MG_200_MONOMER,MG_200_MONOMER_it.pdb,,AU,,"0,0,1","0,0,0"
MG_201_DIMER,MG_201_DIMER_sw.pdb,,AU,,"-0.06,-0.01,-1","5,-1,36"
MG_201_MONOMER,MG_201_DIMER_sw.pdb, or :A,AU,,"0,0,1","0,0,0"
MG_202_MONOMER,MG_202_MONOMER_int.pdb,,AU,,"0,0,1","0,0,0"
MG_203_204_TETRAMER,4JUO_aligned.pdb, or :A or :C or :B or :D,AU,,"0,0,1","0,0,0"
MG_203_204_TETRAMER,4I3H, or :A or :B,AU,,"-0.92,0.39,0.02","-9,4,-11"
MG_203_MONOMER,4JUO, or :C,AU,,"0,0,1","0,0,0"
MG_204_MONOMER,1ZVU, or :A,AU,,"0,0,1","0,0,0"
MG_205_DIMER,MG_205_DIMER_sw.pdb, or :A or :C,AU,,"0.11,0.32,-0.94","9,-43,-17"
MG_205_DIMER,1STZ, or :A or :C,AU,,"-0.49,0.78,0.39","19,-31,38"
MG_205_MONOMER,MG_205_DIMER_sw.pdb, or :A,AU,,"0,0,1","0,0,0"
MG_206_MONOMER,3C65, or :A,AU,,"0,0,1","0,0,0"
MG_207_MONOMER,MG_207_MONOMER_int.pdb,,AU,,"0,0,1","0,0,0"
MG_208_DIMER,MG_208_DIMER_g.pdb,,AU,,"0,0,1","0,0,0"
MG_208_MONOMER,MG_208_DIMER_g.pdb, or :A,AU,,"0,0,1","0,0,0"
MG_209_MONOMER,MG_209_MONOMER_int.pdb,,AU,,"0,0,1","0,0,0"
MG_211_MONOMER,MG_211_MONOMER_int.pdb,,AU,,"0,0,1","0,0,0"
MG_213_214_298_6MER,smc_model_ATP.pdb,,AU,,"-0.54,-0.5,-0.68","145,-209,51"
MG_213_214_298_6MER_ADP,4rsj_5xg2_5nnv_5xei_5xg3_ADP_spcAB.pdb,,AU,,"0.89,0.17,-0.42","-85,-167,-214"
MG_213_MONOMER,smc_model_ATP.pdb, or :B,AU,,"0,0,1","0,0,0"
MG_214_MONOMER,smc_model_ATP.pdb, or :A,AU,,"0,0,1","0,0,0"
MG_215_MONOMER,pfka.pdb, or :A,AU,,"0,0,1","0,0,0"
MG_215_TETRAMER,pfka.pdb,,AU,,"0,0,1","0,0,0"
MG_216_MONOMER,MG_216_TETRAMER_g.pdb, or :A,AU,,"0,0,1","0,0,0"
MG_216_TETRAMER,MG_216_TETRAMER_g.pdb,,AU,,"0,0,1","0,0,0"
MG_217_MONOMER,MG_217_MONOMER_int.pdb,,AU,,"0,0,1","0,0,0"
MG_218_MONOMER,MG_218_MONOMER_int.pdb,,AU,,"0,0,1","0,0,0"
MG_219_MONOMER,MG_219_MONOMER_int.pdb,,AU,,"0,0,1","0,0,0"
MG_220_MONOMER,MG_220_MONOMER_int.pdb,,AU,,"0,0,1","0,0,0"
MG_221_MONOMER,MG_221_OCTAMER_g.pdb, or :A,AU,,"0,0,1","0,0,0"
MG_221_OCTAMER,MG_221_OCTAMER_g.pdb,,AU,,"0,0,1","0,0,0"
MG_221_OCTAMER,1N0E,,BU1,,"-1,0.03,-0.04","0,0,0"
MG_222_MONOMER,MG_222_MONOMER_int.pdb,,AU,,"0,0,1","0,0,0"
MG_223_MONOMER,MG_223_MONOMER_int.pdb,,AU,,"0,0,1","0,0,0"
MG_224_2MER_GTP,1W5B,,AU,,"0,0,1","2.32e-16,-2e-17,40"
MG_224_3MER_GTP,1w5b_3mer.pdb,,AU,,"0,0,1","0,0,0"
MG_224_4MER_GTP,1w5b_4mer.pdb,,AU,,"0,0,1","0,0,0"
MG_224_5MER_GTP,1w5b_5mer.pdb,,AU,,"0,0,1","0,0,0"
MG_224_6MER_GTP,1w5b_6mer.pdb,,AU,,"0,0,1","0,0,0"
MG_224_7MER_GTP,1w5b_7mer.pdb,,AU,,"0,0,1","0,0,0"
MG_224_8MER_GTP,1w5b_8mer.pdb,,AU,,"0,0,1","0,0,0"
MG_224_9MER_GDP,1w5b_9mer.pdb,,AU,,"0,0,1","0,0,0"
MG_224_9MER_GTP,1w5b_9mer.pdb,,AU,,"0,0,1","0,0,0"
MG_224_MONOMER,2VXY, or :A,1,,"0,0,1","0,0,0"
MG_224_MONOMER_GDP,2VXY, or :A,BU1,,"0,0,1","2.32e-16,-2e-17,40"
MG_224_MONOMER_GTP,2VXY, or :A,1,,"0,0,1","0,0,0"
MG_225_MONOMER,MG_225_DIMER_g.pdb, or :A,AU,,"0,0,1","0,0,0"
MG_226_MONOMER,MG_226_DIMER_g.pdb, or :A,AU,,"0,0,1","0,0,0"
MG_227_DIMER,MG_227_DIMER_g.pdb,,AU,,"0,0,1","0,0,0"
MG_227_MONOMER,MG_227_DIMER_g.pdb, or :A,AU,,"0,0,1","0,0,0"
MG_228_MONOMER,dhfr.pdb, or :0,AU,,"0,0,1","0,0,0"
MG_228_TETRAMER,dhfr.pdb,,AU,,"0,0,1","0,0,0"
MG_229_231_TETRAMER,2BQ1,,1,,"0,0,1","0,0,0"
MG_229_231_TETRAMER_ox,2BQ1,,1,,"0,0,1","0,0,0"
MG_229_MONOMER,2BQ1, or :I,AU,,"0,0,1","0,0,0"
MG_230_MONOMER,nrd.pdb, or :D,AU,,"0,0,1","0,0,0"
MG_231_MONOMER,2BQ1, or :E,AU,,"0,0,1","0,0,0"
MG_232_MONOMER,r50p_new.pdb, or :W,AU,,"0,0,1","0,0,0"
MG_233_MONOMER,MG_233_MONOMER_int.pdb,,AU,,"0,0,1","0,0,0"
MG_234_MONOMER,r50p_new.pdb, or :1,AU,,"0,0,1","0,0,0"
MG_235_MONOMER,MG_235_MONOMER_int.pdb,,AU,,"0,0,1","0,0,0"
MG_235_MONOMER,4HNO, or :A,AU,,"-0.86,0.5,0.03","0,-8,18"
MG_236_MONOMER,5NBC, or :B,AU,,"0.15,0.1,0.98","0,-26,21"
MG_236_MONOMER,MG_236_MONOMER_rap.pdb,,AU,,"-0.08,-0.95,0.32","5,-14,-34"
MG_237_MONOMER,MG_237_MONOMER_int.pdb,,AU,,"0,0,1","0,0,0"
MG_238_MONOMER,MG_238_MONOMER_int.pdb,,AU,,"0,0,1","0,0,0"
MG_239_HEXAMER,lon.pdb,,AU,,"0,0,1","0,0,0"
MG_239_MONOMER,lon.pdb, or :A,AU,,"0,0,1","0,0,0"
MG_240_HEXAMER,nadd.pdb,,AU,,"0,0,1","0,0,0"
MG_240_MONOMER,nadd.pdb, or :A,AU,,"0,0,1","0,0,0"
MG_244_DIMER,4C2T, or :A or :B,BU1,,"-0.83,0.43,0.34","6,-1,13"
MG_244_MONOMER,MG_244_DIMER_sw.pdb, or :C,AU,,"0,0,1","0,0,0"
MG_245_MONOMER,mthf.pdb, or :0,AU,,"0,0,1","0,0,0"
MG_246_MONOMER,MG_246_MONOMER_int.pdb,,AU,,"0,0,1","0,0,0"
MG_248_MONOMER,MG_248_MONOMER_int.pdb,,AU,,"0,0,1","0,0,0"
MG_249_MONOMER,rnap.pdb, or :F,AU,,"0.46,-0.37,0.81","27,14,3"
MG_249_MONOMER,5UAG, or :L,AU,,"0.46,-0.37,0.81","27,14,3"
MG_250_MONOMER,2AU3, or :A,1,,"0,0,1","0,0,0"
MG_251_DIMER,MG_251_DIMER_g.pdb,,AU,,"0,0,1","0,0,0"
MG_251_MONOMER,MG_251_DIMER_g.pdb, or :A,AU,,"0,0,1","0,0,0"
MG_252_DIMER,MG_252_DIMER_g.pdb,,AU,,"0,0,1","0,0,0"
MG_252_MONOMER,MG_252_DIMER_g.pdb, or :A,AU,,"0,0,1","0,0,0"
MG_253_MONOMER,cyss.pdb, or :A,AU,,"0,0,1","0,0,0"
MG_254_MONOMER,MG_254_MONOMER_rap.pdb,,AU,,"0,0,1","0,0,0"
MG_254_MONOMER,2OWO, or :A,AU,,"-0.78,-0.37,0.51","-1,10,1"
MG_257_MONOMER,r50p_new.pdb, or :4,AU,,"0,0,1","0,0,0"
MG_258_MONOMER,rf.pdb, or :0,AU,,"0,0,1","0,0,0"
MG_259_MONOMER,MG_259_TETRAMER_g.pdb, or :A,AU,,"0,0,1","0,0,0"
MG_259_TETRAMER,MG_259_TETRAMER_g.pdb,,AU,,"0,0,1","0,0,0"
MG_261_MONOMER,5FKW, or :A,AU,,"0,0,1","0,0,0"
MG_262_MONOMER,MG_262_MONOMER_int.pdb,,AU,,"0,0,1","0,0,0"
MG_262_MONOMER,6C33, or :A,AU,,"0.8,0.54,-0.27","25,17,16"
MG_263_MONOMER,yid1.pdb, or :0,AU,,"0,0,1","0,0,0"
MG_264_MONOMER,MG_264_MONOMER_rap.pdb,,AU,,"0,0,1","0,0,0"
MG_265_DIMER,yid2.pdb,,AU,,"0,0,1","0,0,0"
MG_265_MONOMER,yid2.pdb, or :0,AU,,"0,0,1","0,0,0"
MG_266_MONOMER,leus.pdb, or :A,AU,,"0,0,1","0,0,0"
MG_268_MONOMER,MG_268_MONOMER_int.pdb,,AU,,"0,0,1","0,0,0"
MG_269_MONOMER,MG_269_MONOMER_phy.pdb,,AU,,"0,0,1","0,0,0"
MG_270_MONOMER,MG_270_MONOMER_int.pdb,,AU,,"0,0,1","0,0,0"
MG_271_272_273_274_192MER,E2E3_2.pdb,,AU,,"0,0,1","2.32e-16,-2e-17,40"
MG_271_272_273_274_192MER_ox,E2E3_2.pdb,,AU,,"0,0,1","2.32e-16,-2e-17,40"
MG_271_MONOMER,MG_271_MONOMER_rap.pdb,,AU,,"0,0,1","0,0,0"
MG_272_MONOMER,pdhx.pdb, or :I,AU,,"0,0,1","0,0,0"
MG_273_MONOMER,pdhb.pdb, or :B,AU,,"0,0,1","0,0,0"
MG_274_MONOMER,pdha.pdb, or :A,AU,,"0,0,1","0,0,0"
MG_275_MONOMER,MG_275_TETRAMER_g.pdb, or :A,AU,,"0,0,1","0,0,0"
MG_275_TETRAMER,MG_275_TETRAMER_g.pdb,,AU,,"0,0,1","0,0,0"
MG_276_DIMER,apt.pdb,,AU,,"0,0,1","2.32e-16,-2e-17,40"
MG_276_MONOMER,apt.pdb, or :A,AU,,"0,0,1","0,0,0"
MG_276_DIMER,MG_276_DIMER_g.pdb,,AU,,"0,0,1","2.32e-16,-2e-17,40"
MG_276_MONOMER,MG_276_DIMER_g.pdb, or :A,AU,,"0,0,1","0,0,0"
MG_277_MONOMER,5MG3, or :D,AU,,"0,0,1","0,15,16"
MG_278_DIMER,MG_278_DIMER_g.pdb,,AU,,"0,0,1","0,0,0"
MG_278_MONOMER,MG_278_DIMER_g.pdb, or :A,AU,,"0,0,1","0,0,0"
MG_282_MONOMER,MG_282_MONOMER_int.pdb,,AU,,"0,0,1","0,0,0"
MG_283_DIMER,pros.pdb, or :A or :B,AU,,"0,0,1","0,0,0"
MG_283_MONOMER,pros.pdb, or :A,AU,,"0,0,1","0,0,0"
MG_284_MONOMER,MG_284_MONOMER_int.pdb,,AU,,"0,0,1","0,0,0"
MG_285_MONOMER,MG_285_MONOMER_int.pdb,,AU,,"0,0,1","0,0,0"
MG_286_MONOMER,MG_286_MONOMER_int.pdb,,AU,,"0,0,1","0,0,0"
MG_287_MONOMER,MG_287_MONOMER_int.pdb,,AU,,"0,0,1","0,0,0"
MG_287_MONOMER_ACP,MG_287_MONOMER_int.pdb,,AU,,"0,0,1","0,0,0"
MG_287_MONOMER_ddcaACP,MG_287_MONOMER_int.pdb,,AU,,"0,0,1","0,0,0"
MG_287_MONOMER_hdeACP,MG_287_MONOMER_int.pdb,,AU,,"0,0,1","0,0,0"
MG_287_MONOMER_myrsACP,MG_287_MONOMER_int.pdb,,AU,,"0,0,1","0,0,0"
MG_287_MONOMER_ocdcaACP,MG_287_MONOMER_int.pdb,,AU,,"0,0,1","0,0,0"
MG_287_MONOMER_octeACP,MG_287_MONOMER_int.pdb,,AU,,"0,0,1","0,0,0"
MG_287_MONOMER_palmACP,MG_287_MONOMER_int.pdb,,AU,,"0,0,1","0,0,0"
MG_287_MONOMER_tdeACP,MG_287_MONOMER_int.pdb,,AU,,"0,0,1","0,0,0"
MG_288_MONOMER,MG_288_MONOMER_rap.pdb,,AU,,"0,0,1","0,0,0"
MG_289_MONOMER,3MYU, or :A,BU1,,"0,0,1","0,0,0"
MG_290_MONOMER,2ONK, or :A,AU,,"0,0,1","0,0,0"
MG_291_MONOMER,2ONK, or :C,AU,,"0,0,1","0,0,0"
MG_292_MONOMER,alas.pdb, or :A,AU,,"0,0,1","0,0,0"
MG_292_TETRAMER,alas.pdb,,AU,,"0,0,1","0,0,0"
MG_293_DIMER,MG_293_DIMER_g.pdb,,AU,,"0,0,1","0,0,0"
MG_293_MONOMER,MG_293_DIMER_g.pdb, or :A,AU,,"0,0,1","0,0,0"
MG_295_MONOMER,MG_295_MONOMER_int.pdb,,AU,,"0,0,1","0,0,0"
MG_295_MONOMER_ox,MG_295_MONOMER_int.pdb,,AU,,"0,0,1","0,0,0"
MG_296_MONOMER,MG_296_MONOMER_int.pdb,,AU,,"0,0,1","0,0,0"
MG_297_MONOMER,MG_297_MONOMER_phy.pdb,,AU,,"0,0,1","0,0,0"
MG_298_MONOMER,4AD8, or :A,1,,"0,0,1","0,0,0"
MG_299_DIMER,pta.pdb,,AU,,"0,0,1","0,0,0"
MG_299_MONOMER,pta1.pdb, or :A,AU,,"0,0,1","0,0,0"
MG_300_MONOMER,MG_300_MONOMER_sw.pdb,,AU,,"0,0,1","0,0,0"
MG_301_MONOMER,gap1.pdb, or :A,AU,,"0,0,1","0,0,0"
MG_301_TETRAMER,gapa.pdb,,AU,,"0,0,1","0,0,0"
MG_302_MONOMER,5X3X, or :Q,AU,,"0,0,1","4,4,-17"
MG_303_MONOMER,5X3X, or :A,BU1,,"0,0,1","0,0,0"
MG_304_MONOMER,5X3X, or :B,BU1,,"0,0,1","0,0,0"
MG_305_MONOMER,5OBU, or :A,BU1,,"0,0,1","0,0,0"
MG_308_MONOMER,MG_308_MONOMER_rap.pdb,,AU,,"0,0,1","0,0,0"
MG_310_MONOMER,MG_310_MONOMER_int.pdb,,AU,,"0,0,1","0,0,0"
MG_311_MONOMER,r30p_new.pdb, or :D,AU,,"0,0,1","0,0,0"
MG_312_MONOMER,MG_312_MONOMER_int.pdb,,AU,,"0,0,1","0,0,0"
MG_315_MONOMER,1JR3, or :D,AU,,"0,0,1","0,0,0"
MG_316_MONOMER,5AYM, or :A,AU,,"0,0,1","0,0,-3"
MG_317_MONOMER,MG_317_MONOMER_int.pdb,,AU,,"0,0,1","0,0,0"
MG_321_MONOMER,4TQU, or :Q,AU,,"0,0,1","-1,-5,45"
MG_322_MONOMER,4J7C, or :I,AU,,"0,0,1","17,9,0"
MG_323_MONOMER,4J7C, or :B,BU1,,"0,0,1","0,0,0"
MG_324_MONOMER,MG_324_MONOMER_int.pdb,,AU,,"0,0,1","0,0,0"
MG_325_MONOMER,r50p_new.pdb, or :6,AU,,"0,0,1","0,0,0"
MG_326_MONOMER,MG_326_MONOMER_int.pdb,,AU,,"0,0,1","0,0,0"
MG_327_MONOMER,MG_327_MONOMER_int.pdb,,AU,,"0,0,1","0,0,0"
MG_328_MONOMER,MG_328_MONOMER_int.pdb,,AU,,"0,0,1","0,0,0"
MG_329_MONOMER,MG_329_MONOMER_rap.pdb,,AU,,"0,0,1","0,0,0"
MG_330_MONOMER,cmk.pdb, or :0,AU,,"0,0,1","0,0,0"
MG_332_MONOMER,yebc.pdb, or :0,AU,,"0,0,1","0,0,0"
MG_333_DIMER,MG_333_DIMER_g.pdb,,AU,,"0,0,1","0,0,0"
MG_333_MONOMER,MG_333_DIMER_g.pdb, or :A,AU,,"0,0,1","0,0,0"
MG_334_MONOMER,vals.pdb, or :A,AU,,"0,0,1","0,0,0"
MG_335_MONOMER,MG_335_MONOMER_int.pdb,,AU,,"0,0,1","0,0,0"
MG_336_DIMER,MG_336_DIMER_sw.pdb,,AU,,"0,0,1","0,0,0"
MG_336_MONOMER,MG_336_DIMER_sw.pdb, or :A,AU,,"0,0,1","0,0,0"
MG_337_MONOMER,MG_337_MONOMER_int.pdb,,AU,,"0,0,1","0,0,0"
MG_339_MONOMER,MG_339_MONOMER_sw.pdb,,AU,,"0,0,1","0,0,0"
MG_340_MONOMER,3IYD, or :D,AU,,"0,0,1","0,0,0"
MG_341_MONOMER,rnap.pdb, or :C,AU,,"0,0,1","0,0,0"
MG_342_MONOMER,fred.pdb, or :0,AU,,"0,0,1","0,0,0"
MG_343_MONOMER,MG_343_MONOMER_int.pdb,,AU,,"0,0,1","0,0,0"
MG_344_MONOMER,MG_344_MONOMER_int.pdb,,AU,,"0,0,1","0,0,0"
MG_345_MONOMER,iles.pdb, or :A,AU,,"0,0,1","0,0,0"
MG_346_DIMER,MG_346_DIMER_g.pdb,,AU,,"0,0,1","0,0,0"
MG_346_MONOMER,MG_346_DIMER_g.pdb,or :A,AU,,"0,0,1","0,0,0"
MG_347_DIMER,MG_347_DIMER_g.pdb,,AU,,"0,0,1","0,0,0"
MG_347_MONOMER,MG_347_DIMER_g.pdb,or :A,AU,,"0,0,1","0,0,0"
MG_349_HEXAMER,MG_349_HEXAMER_sw.pdb,,AU,,"0,0,1","0,0,0"
MG_349_MONOMER,MG_349_HEXAMER_sw.pdb,or :A,AU,,"0,0,1","0,0,0"
MG_350_MONOMER,MG_350_MONOMER_int.pdb,,AU,,"0,0,1","0,0,0"
MG_351_HEXAMER,MG_351_HEXAMER_g.pdb,,AU,,"0,0,1","0,0,0"
MG_351_MONOMER,MG_351_HEXAMER_g.pdb, or :A,AU,,"0,0,1","0,0,0"
MG_352_DIMER,MG_352_DIMER_g.pdb,,AU,,"0.74,-0.67,0.09","-11,-15,1"
MG_352_DIMER,2FCO,,1,,"0.74,-0.67,0.09","-11,-15,1"
MG_352_MONOMER,MG_352_DIMER_g.pdb, or :A,AU,,"0,0,1","0,0,0"
MG_353_DIMER,MG_353_DIMER_g.pdb,,AU,,"0,0,1","20,2,1"
MG_353_DIMER,6NL2,,1,,"0,0,1","20,2,1"
MG_353_MONOMER,MG_353_DIMER_g.pdb, or :A,AU,,"0,0,1","0,0,0"
MG_355_HEXAMER,MG_355_HEXAMER_sw.pdb,,AU,,"0,0,1","0,0,0"
MG_355_MONOMER,MG_355_HEXAMER_sw.pdb, or :A,AU,,"0,0,1","0,0,0"
MG_356_MONOMER,chok.pdb, or :0,AU,,"0,0,1","0,0,0"
MG_357_DIMER,acka.pdb,,AU,,"0,0,1","0,0,0"
MG_357_MONOMER,ack1.pdb, or :A,AU,,"0,0,1","0,0,0"
MG_357_DIMER,MG_357_DIMER_g.pdb,,AU,,"0,0,1","0,0,0"
MG_357_MONOMER,MG_357_DIMER_g.pdb, or :A,AU,,"0,0,1","0,0,0"
MG_358_359_10MER,1bvs_3pfi_v2.pdb,,AU,,"0,0,1","0,0,0"
MG_358_359_10MER,3PFI,,2,,"0,0,1","0,0,0"
MG_358_MONOMER,1BVS, or :A,AU,,"0,0,1","0,0,0"
MG_359_MONOMER,3PFI, or :A,AU,,"0,0,1","0,0,0"
MG_360_MONOMER,MG_360_MONOMER_int.pdb,,AU,,"0,0,1","0,0,0"
MG_361_MONOMER,r50p_new.pdb, or :M,AU,,"0,0,1","0,0,0"
MG_362_MONOMER,r50p_new.pdb, or :I,AU,,"0,0,1","0,0,0"
MG_363_MONOMER,r50p_new.pdb, or :5,AU,,"0,0,1","0,0,0"
MG_365_MONOMER,mt.pdb, or :A,AU,,"0,0,1","0,0,0"
MG_366_MONOMER,MG_366_MONOMER_int.pdb,,AU,,"0,0,1","0,0,0"
MG_367_DIMER,MG_367_DIMER_g.pdb,,AU,,"0,0,1","0,0,0"
MG_367_MONOMER,MG_367_DIMER_g.pdb, or :A,AU,,"0,0,1","0,0,0"
MG_368_DIMER,MG_368_DIMER_g.pdb,,AU,,"0,0,1","0,0,0"
MG_368_MONOMER,MG_368_DIMER_g.pdb, or :A,AU,,"0,0,1","0,0,0"
MG_369_DIMER,1UOE,,AU,,"0,0,1","0,0,0"
MG_369_MONOMER,3PNL, or :B,AU,,"0,0,1","0,0,0"
MG_370_MONOMER,MG_370_MONOMER_int.pdb,,AU,,"0,0,1","0,0,0"
MG_371_MONOMER,MG_371_MONOMER_sw.pdb, or :A,AU,,"0,0,1","0,0,0"
MG_372_DIMER,MG_372_DIMER_sw.pdb,,AU,,"0,0,1","0,0,0"
MG_372_MONOMER,MG_372_DIMER_sw.pdb, or :A,AU,,"0,0,1","0,0,0"
MG_373_MONOMER,MG_373_MONOMER_phy.pdb,,AU,,"0,0,1","0,0,0"
MG_374_MONOMER,adep.pdb, or :0,AU,,"0,0,1","0,0,0"
MG_375_DIMER,thrs.pdb,,AU,,"0,0,1","0,0,0"
MG_375_MONOMER,thrs.pdb, or :A,AU,,"0,0,1","0,0,0"
MG_376_HEXAMER,MG_376_HEXAMER_g.pdb,,AU,,"0,0,1","0,0,0"
MG_376_MONOMER,MG_376_HEXAMER_g.pdb, or :A,AU,,"0,0,1","0,0,0"
MG_377_MONOMER,tig.pdb, or :0,AU,,"0,0,1","0,0,0"
MG_378_MONOMER,args.pdb, or :A,AU,,"0,0,1","0,0,0"
MG_379_MONOMER,2ZXI, or :B,AU,,"0,0,1","0,0,0"
MG_380_MONOMER,MG_380_MONOMER_int.pdb,,AU,,"0,0,1","0,0,0"
MG_381_MONOMER,MG_381_MONOMER_int.pdb,,AU,,"0,0,1","0,0,0"
MG_382_MONOMER,MG_382_TETRAMER_g.pdb, or :A,AU,,"0,0,1","0,0,0"
MG_382_TETRAMER,MG_382_TETRAMER_g.pdb,,AU,,"0,0,1","0,0,0"
MG_383_DIMER,nade.pdb,,AU,,"0,0,1","0,0,0"
MG_383_MONOMER,nade.pdb, or :A,AU,,"0,0,1","0,0,0"
MG_383_MONOMER,1KQP, or :B,AU,,"0.75,-0.01,0.66","-19,37,27"
MG_384_MONOMER,MG_384_MONOMER_sw.pdb,,AU,,"0,0,1","0,0,0"
MG_384_MONOMER,1UDX, or :A,AU,,"0.75,-0.01,0.66","-15,47,24"
MG_385_DIMER,MG_385_DIMER_sw.pdb,,AU,,"0,0,1","0,0,0"
MG_385_MONOMER,MG_385_DIMER_sw.pdb, or :A,AU,,"0,0,1","0,0,0"
MG_386_MONOMER,MG_386_MONOMER_rap.pdb,,AU,,"0,0,1","0,0,0"
MG_387_MONOMER,MG_387_MONOMER_int.pdb,,AU,,"0,0,1","0,0,0"
MG_387_MONOMER,1EGA, or :A,AU,,"-0.83,0.54,0.14","1,-11,-33"
MG_388_MONOMER,MG_388_MONOMER_int.pdb,,AU,,"0,0,1","0,0,0"
MG_389_MONOMER,MG_389_MONOMER_int.pdb,,AU,,"0,0,1","0,0,0"
MG_390_MONOMER,MG_390_DIMER_g.pdb, or :A,AU,,"0,0,1","0,0,0"
MG_391_HEXAMER,pepa.pdb,,AU,,"0,0,1","0,0,0"
MG_391_MONOMER,pepa.pdb, or :A,AU,,"0,0,1","0,0,0"
MG_392_393_21MER,grol_noH.pdb,,AU,,"0,0,1","0,0,0"
MG_392_MONOMER,grol_noH.pdb, or :A,AU,,"0,0,1","0,0,0"
MG_393_MONOMER,grol_noH.pdb, or :O,AU,,"0,0,1","0,0,0"
MG_394_MONOMER,MG_394_TETRAMER_g.pdb, or :A,AU,,"0,0,1","0,0,0"
MG_394_TETRAMER,MG_394_TETRAMER_g.pdb,,AU,,"0,0,1","0,0,0"
MG_396_DIMER,6MU0, or :A or :B,BU2,,"0,0,1","0,0,0"
MG_396_MONOMER,6MU0, or :A,AU,,"0,0,1","0,0,0"
MG_397_MONOMER,MG_397_MONOMER_int.pdb,,AU,,"0,0,1","0,0,0"
MG_398_MONOMER,5T4O, or :H,AU,,"0,0,1","0,0,0"
MG_399_MONOMER,5T4O, or :F,AU,,"0,0,1","0,0,0"
MG_400_MONOMER,5T4O, or :G,AU,,"0,0,1","0,0,0"
MG_401_MONOMER,5T4O, or :C,AU,,"0,0,1","0,0,0"
MG_402_MONOMER,5T4O, or :L,AU,,"0,0,1","0,0,0"
MG_407_DIMER,eno.pdb,,AU,,"0,0,1","0,0,0"
MG_407_MONOMER,eno1.pdb, or :A,AU,,"0,0,1","0,0,0"
MG_408_MONOMER,MG_408_MONOMER_int.pdb,,AU,,"0,0,1","0,0,0"
MG_409_DIMER,MG_409_DIMER_sw.pdb,,AU,,"0,0,1","0,0,0"
MG_409_MONOMER,MG_409_DIMER_sw.pdb, or :A,AU,,"0,0,1","0,0,0"
MG_410_MONOMER,3tui_5wnn.pdb, or :C,AU,,"0,0,1","0,0,0"
MG_411_MONOMER,3tui_5wnn.pdb, or :A,AU,,"0,0,1","0,0,0"
MG_411_MONOMER,2ONK, or :C,AU,,"0,0,1","0,0,0"
MG_412_MONOMER,3tui_5wnn.pdb, or :E,AU,,"0,0,1","0,0,0"
MG_414_MONOMER,MG_414_MONOMER_int.pdb,,AU,,"0,0,1","0,0,0"
MG_417_MONOMER,r30p_new.pdb, or :I,AU,,"0,0,1","0,0,0"
MG_418_MONOMER,r50p_new.pdb, or :O,AU,,"0,0,1","0,0,0"
MG_419_MONOMER,1JR3, or :A,AU,,"0,0,1","0,0,0"
MG_421_MONOMER,3UWX, or :A,AU,,"0,0,1","0,0,0"
MG_422_MONOMER,MG_422_MONOMER_int.pdb,,AU,,"0,0,1","0,0,0"
MG_423_MONOMER,MG_423_MONOMER_int.pdb,,AU,,"0,0,1","0,0,0"
MG_424_MONOMER,r30p_new.pdb, or :O,AU,,"0,0,1","0,0,0"
MG_425_DIMER,MG_425_DIMER_g.pdb,,AU,,"0,0,1","0,0,0"
MG_425_MONOMER,MG_425_DIMER_g.pdb, or :A,AU,,"0,0,1","0,0,0"
MG_426_MONOMER,r50p_new.pdb, or :2,AU,,"0,0,1","0,0,0"
MG_427_DIMER,ohrb.pdb,,AU,,"0,0,1","0,0,0"
MG_427_DIMER_ox,ohrb.pdb,,AU,,"0,0,1","0,0,0"
MG_427_MONOMER,ohrb.pdb, or :A,AU,,"0,0,1","0,0,0"
MG_428_DIMER,MG_428_DIMER_g.pdb,,AU,,"0.85,-0.05,0.52","7,26,-15"
MG_428_DIMER,4NQW,,1,,"0,0,1","-4,-21,13"
MG_428_MONOMER,MG_428_DIMER_g.pdb, or :A,AU,,"0,0,1","0,0,0"
MG_429_MONOMER,2XDF, or :A,AU,,"0,0,1","0,0,0"
MG_430_MONOMER,pgm.pdb, or :0,AU,,"0,0,1","0,0,0"
MG_431_DIMER,MG_431_DIMER_g.pdb,,AU,,"0,0,1","0,0,0"
MG_431_MONOMER,MG_431_DIMER_g.pdb, or :A,AU,,"0,0,1","0,0,0"
MG_433_DIMER,eftu.pdb, or :B,AU,,"0,0,1","0,0,0"
MG_433_MONOMER,eftu.pdb, or :B,AU,,"0,0,1","0,0,0"
MG_434_HEXAMER,pyrh.pdb,,AU,,"0,0,1","0,0,0"
MG_434_MONOMER,pyrh.pdb, or :A,AU,,"0,0,1","0,0,0"
MG_435_MONOMER,frr.pdb, or :0,AU,,"0,0,1","0,0,0"
MG_437_MONOMER,MG_437_DIMER_g.pdb, or :A,AU,,"0,0,1","0,0,0"
MG_437_MONOMER,4Q2G,,AU,,"0,0,1","-14,-6,-7"
MG_438_MONOMER,1YDX, or :A,AU,,"0.28,0.41,0.87","-8,1,2"
MG_442_MONOMER,MG_442_MONOMER_int.pdb,,AU,,"0,0,1","0,0,0"
MG_444_MONOMER,r50p_new.pdb, or :U,AU,,"0,0,1","0,0,0"
MG_445_DIMER,MG_445_DIMER_g.pdb,,AU,,"0,0,1","0,0,0"
MG_445_MONOMER,MG_445_DIMER_g.pdb, or :A,AU,,"0,0,1","0,0,0"
MG_446_MONOMER,r30p_new.pdb, or :P,AU,,"0,0,1","0,0,0"
MG_448_MONOMER,MG_448_MONOMER_int.pdb,,AU,,"0,0,1","0,0,0"
MG_449_MONOMER,MG_449_MONOMER_int.pdb,,AU,,"0,0,1","0,0,0"
MG_450_MONOMER,MG_450_MONOMER_rap.pdb,,AU,,"0,0,1","0,0,0"
MG_451_DIMER,eftu.pdb, or :A,AU,,"0,0,1","0,0,0"
MG_451_MONOMER,eftu.pdb, or :A,AU,,"0,0,1","0,0,0"
MG_453_MONOMER,galu.pdb, or :A,AU,,"0,0,1","0,0,0"
MG_453_TETRAMER,galu.pdb,,AU,,"0,0,1","0,0,0"
MG_453_MONOMER,MG_453_TETRAMER_g.pdb, or :A,AU,,"0,0,1","0,0,0"
MG_453_TETRAMER,MG_453_TETRAMER_g.pdb,,AU,,"0,0,1","0,0,0"
MG_454_DIMER,MG_454_DIMER_g.pdb,,AU,,"0,0,1","0,0,0"
MG_454_DIMER_ox,MG_454_DIMER_g.pdb,,AU,,"0,0,1","2.32e-16,-2e-17,40"
MG_454_MONOMER,MG_454_DIMER_g.pdb, or :A,AU,,"0,0,1","0,0,0"
MG_455_DIMER,tyrs.pdb, or :A or :B,AU,,"0,0,1","2.32e-16,-2e-17,40"
MG_455_MONOMER,tyrs.pdb, or :A,AU,,"0,0,1","0,0,0"
MG_457_MONOMER,MG_457_HEXAMER_sw.pdb, or :A,AU,,"0,0,1","0,0,0"
MG_458_MONOMER,hpt.pdb, or :A,AU,,"0,0,1","0,0,0"
MG_458_TETRAMER,hpt.pdb,,AU,,"0,0,1","2.32e-16,-2e-17,40"
MG_459_MONOMER,MG_459_MONOMER_int.pdb,,AU,,"0,0,1","0,0,0"
MG_460_MONOMER,MG_460_TETRAMER_g.pdb, or :A,AU,,"0,0,1","0,0,0"
MG_460_TETRAMER,MG_460_TETRAMER_g.pdb,,AU,,"0,0,1","2.32e-16,-2e-17,40"
MG_461_MONOMER,MG_461_MONOMER_int.pdb,,AU,,"0,0,1","0,0,0"
MG_462_MONOMER,gltx.pdb, or :0,AU,,"0,0,1","0,0,0"
MG_463_MONOMER,MG_463_MONOMER_int.pdb,,AU,,"0,0,1","0,0,0"
MG_464_MONOMER,5MG3, or :C,AU,,"0,0,1","20,-21,21"
MG_465_MONOMER,6D1R, or :A,AU,,"0,0,1","0,0,0"
MG_466_MONOMER,r50p_new.pdb, or :7,AU,,"0,0,1","0,0,0"
MG_467_MONOMER,5XU1, or :A,AU,,"0,0,1","0,0,0"
MG_468_MONOMER,5XU1, or :M,AU,,"0,0,1","7,13,25"
MG_469_1MER_ADP,2HCB, or :A,AU,,"0,0,1","2.32e-16,-2e-17,40"
MG_469_1MER_ADP,ATP-DnaA_DNA_model_0001.pdb, or :A,AU,,"0,0,1","0,0,0"
MG_469_1MER_ATP,MG_469_1MER_ATP.pdb, or :A,AU,,"-0.9,-0.44,-0.06","-1,-8,11"
MG_469_1MER_ATP,ATP-DnaA_DNA_model_0001.pdb, or :A,AU,,"0,0,1","0,0,0"
MG_469_2MER_1ATP_ADP,2HCB, or :A or :B ,AU,,"0,0,1","0,0,0"
MG_469_2MER_1ATP_ADP,ATP-DnaA_DNA_model_0001.pdb, or :A or :B,AU,,"0,0,1","0,0,0"
MG_469_2MER_ATP,MG_469_2MER_ATP.pdb, or :A or :B,AU,,"-0.15,0.89,0.43","14,-15,20"
MG_469_2MER_ATP,ATP-DnaA_DNA_model_0001.pdb, or :A or :B,AU,,"0,0,1","0,0,0"
MG_469_3MER_2ATP_ADP,2HCB, or :A or :B or :C ,AU,,"0,0,1","0,0,0"
MG_469_3MER_2ATP_ADP,ATP-DnaA_DNA_model_0001.pdb, or :A or :B or :C,AU,,"0,0,1","0,0,0"
MG_469_3MER_ATP,MG_469_3MER_ATP.pdb, or :A or :B or :C,AU,,"0.46,-0.45,-0.76","30,-12,11"
MG_469_3MER_ATP,ATP-DnaA_DNA_model_0001.pdb, or :A or :B or :C,AU,,"0,0,1","0,0,0"
MG_469_4MER_3ATP_ADP,2HCB, or :A or :B or :C or :D ,AU,,"0,0,1","0,0,0"
MG_469_4MER_3ATP_ADP,ATP-DnaA_DNA_model_0001.pdb, or :A or :B or :C or :D,AU,,"0,0,1","0,0,0"
MG_469_4MER_ATP,2HCB, or :A or :B or :C or :D ,AU,,"0,0,1","0,0,0"
MG_469_4MER_ATP,ATP-DnaA_DNA_model_0001.pdb, or :A or :B or :C or :D,AU,,"0,0,1","0,0,0"
MG_469_5MER_4ATP_ADP,2HCB_5mer.pdb,,AU,,"0,0,1","0,0,0"
MG_469_5MER_4ATP_ADP,ATP-DnaA_DNA_model_5mer.pdb, or :A or :B or :C or :D or :G,AU,,"0,0,1","0,0,0"
MG_469_5MER_ATP,2HCB_5mer.pdb,,AU,,"0,0,1","0,0,0"
MG_469_5MER_ATP,ATP-DnaA_DNA_model_5mer.pdb, or :A or :B or :C or :D or :G,AU,,"0,0,1","0,0,0"
MG_469_6MER_5ATP_ADP,2HCB_6mer.pdb,,AU,,"0,0,1","0,0,0"
MG_469_6MER_5ATP_ADP,ATP-DnaA_DNA_model_6mer.pdb, or :A or :B or :C or :D or :G or :H,AU,,"0,0,1","0,0,0"
MG_469_6MER_ATP,2HCB_6mer.pdb,,AU,,"0,0,1","0,0,0"
MG_469_6MER_ATP,ATP-DnaA_DNA_model_6mer.pdb, or :A or :B or :C or :D or :G or :H,AU,,"0,0,1","0,0,0"
MG_469_7MER_6ATP_ADP,2HCB_7mer.pdb,,AU,,"0,0,1","0,0,0"
MG_469_7MER_6ATP_ADP,ATP-DnaA_DNA_model_7mer.pdb, or :A or :B or :C or :D or :G or :H or :I,AU,,"0,0,1","0,0,0"
MG_469_7MER_ATP,2HCB_7mer.pdb,,AU,,"0,0,1","0,0,0"
MG_469_7MER_ATP,ATP-DnaA_DNA_model_7mer.pdb, or :A or :B or :C or :D or :G or :H or :I,AU,,"0,0,1","0,0,0"
MG_469_MONOMER,MG_469_MONOMER_int.pdb,,AU,,"0,0,1","0,0,0"
MG_469_1MER_ADP,3R8F, or :A,AU,,"0.25,0.93,0.28","10,33,36"
MG_469_1MER_ATP,3R8F, or :A,AU,,"0.18,0.94,0.29","2,23,31"
MG_469_2MER_1ATP_ADP,3R8F, or :A or :B ,AU,,"0.15,0.87,0.46","16,30,38"
MG_469_2MER_ATP,3R8F, or :A or :B ,AU,,"0.13,0.88,0.45","16,30,30"
MG_469_3MER_2ATP_ADP,3R8F, or :A or :B or :C ,AU,,"-0.14,0.91,0.39","24,10,9"
MG_469_3MER_ATP,3R8F, or :A or :B or :C ,AU,,"-0.33,0.6,0.73","23,-27,12"
MG_469_4MER_3ATP_ADP,3R8F, or :A or :B or :C or :D ,AU,,"0.17,0.94,0.28","23,2,2"
MG_469_4MER_ATP,3R8F, or :A or :B or :C or :D ,AU,,"0.08,0.94,0.34","22,9,3"
MG_469_5MER_4ATP_ADP,3R8F, or :A or :B or :C or :D ,AU,,"0.16,0.92,0.36","23,2,7"
MG_469_5MER_ATP,3R8F, or :A or :B or :C or :D ,AU,,"0.01,0.92,0.4","24,0,-2"
MG_469_6MER_5ATP_ADP,3R8F, or :A or :B or :C or :D ,AU,,"-0.06,0.91,0.41","26,5,-1"
MG_469_6MER_ATP,3R8F, or :A or :B or :C or :D ,AU,,"0.16,0.93,0.32","23,13,3"
MG_469_7MER_6ATP_ADP,3R8F, or :A or :B or :C or :D ,AU,,"0.12,0.91,0.39","20,15,-1"
MG_469_7MER_ATP,3R8F, or :A or :B or :C or :D ,AU,,"0,0.96,0.29","22,8,0"
MG_469_MONOMER,3R8F, or :A,AU,,"0.44,0.84,0.32","8,35,42"
MG_470_MONOMER,MG_470_MONOMER_int.pdb,,AU,,"0,0,1","0,0,0"
MG_470_MONOMER,5IF9, or :A,AU,,"-0.2,-0.68,0.71","-22,-14,-15"
MG_476_MONOMER,5MG3, or :G,AU,,"0,0,1","10,14,1"
MG_477_MONOMER,MG_477_MONOMER_int.pdb,,AU,,"0,0,1","0,0,0"
MG_480_MONOMER,MG_480_MONOMER_int.pdb,,AU,,"0,0,1","0,0,0"
MG_481_MONOMER,r30p_new.pdb, or :U,AU,,"0,0,1","0,0,0"
MG_482_DIMER,MG_482_DIMER_g.pdb,,AU,,"0,0,1","2.32e-16,-2e-17,40"
MG_482_MONOMER,MG_482_DIMER_g.pdb, or :A,AU,,"0,0,1","0,0,0"
MG_491_MONOMER,4XNG, or :A,AU,,"0,0,1","0,0,0"
MG_494_MONOMER,MG_494_MONOMER_int.pdb,,AU,,"0,0,1","0,0,0"
MG_498_MONOMER,MG_498_MONOMER_int.pdb,,AU,,"0,0,1","0,0,0"
MG_498_MONOMER,1K82, or :C,AU,,"-0.92,-0.38,0.04","-4,9,-14"
MG_505_MONOMER,MG_505_MONOMER_int.pdb,,AU,,"0,0,1","0,0,0"
MG_516_MONOMER,MG_516_MONOMER_int.pdb,,AU,,"0,0,1","0,0,0"
MG_517_MONOMER,MG_517_MONOMER_int.pdb,,AU,,"0,0,1","0,0,0"
MG_522_MONOMER,r30p_new.pdb, or :T,AU,,"0,0,1","0,0,0"
MG_525_MONOMER,MG_525_MONOMER_int.pdb,,AU,,"0,0,1","0,0,0"
MG_526_MONOMER,5XU1, or :B,AU,,"-0.06,-0.01,-1","5,-1,36"
REPLISOME,REPLISOME.pdb, or :B or :C or :D or :F or :Z or :G or :S or :A or :H or :I or :X or :K or :J,AU,,"0,0,1","0,0,0"
RIBOSOME_30S,r30p_new.pdb, or :B or :C or :D or :E or :F or :G or :H or :I or :J or :K or :L or :M or :N or :O or :P or :Q or :R or :S or :T or :U or :Z,AU,,"0,0,1","0,0,0"
RIBOSOME_30S_IF3,5LMO, or :B or :C or :D or :E or :F or :G or :H or :I or :J or :K or :L or :M or :N or :O or :P or :Q or :R or :S or :T or :V or :W or :X or :Y,AU,,"0,0,1","0,0,0"
RIBOSOME_50S,r50p_new.pdb, or :C or :D or :E or :F or :G or :H or :I or :J or :K or :L or :M or :N or :O or :P or :Q or :R or :S or :T or :U or :V or :W or :X or :Y or :Z or :0 or :1 or :2 or :3 or :4 or :5 or :6 or :7 or :8 or :9,AU,,"0,0,1","0,0,0"
RIBOSOME_70S,rp_new.pdb,,AU,,"0.09,-0.6,0.79","-46,8,17"
RNA_POLYMERASE,3IYD, or :A or :B or :C or :D or :E,AU,,"0,0,1","0,0,0"
RNA_POLYMERASE_HOLOENZYME,3IYD, or :A or :B or :C or :D or :E or :F,AU,,"0.11,-0.23,-0.97","-3,9,-3"
