,,,,,,,Promoter,,,,,
,,,,,,,-35 Box,,-10 Box,,,
ID,Name,Type,Genes,Coordinate,Length,Direction,Coordinate,Length,Coordinate,Length,Transcription Start Site Coordinate,Comments
TU_001,MG_001 - MG_002,mRNA,"MG_001, MG_002",686,2074,forward,14,6,37,6,44,
TU_002,MG_003 - MG_004,mRNA,"MG_003, MG_004",2845,4477,forward,-73,6,-56,6,-50,
TU_003,MG_005 - MG_009,mRNA,"MG_005, MG_006, MG_007, MG_008, MG_009",7294,4745,forward,-54,6,-29,6,-21,
TU_004,MG_010,mRNA,MG_010,12068,656,forward,-76,6,-54,6,-50,
TU_005,MG_011 - MG_012,mRNA,"MG_011, MG_012",12701,1731,reverse,-28,6,-4,6,-1,
TU_006,MG_013,mRNA,MG_013,14395,821,reverse,-162,6,-138,6,-129,
TU_007,MG471 - MG472,tRNA,"MG471, MG472",15294,157,reverse,,,,,,
TU_008,MG_014 - MG_015,mRNA,"MG_014, MG_015",15555,3687,forward,-79,6,-56,6,-50,
TU_009,MG_018,mRNA,MG_018,19252,3095,forward,1212,6,1235,6,1244,
TU_010,MG_019 - MG_021,mRNA,"MG_019, MG_020, MG_021",22389,3617,forward,-71,6,-44,6,-38,
TU_011,MG_022 - MG_024,mRNA,"MG_022, MG_023, MG_024",26036,2413,forward,-28,6,-12,6,-5,
TU_012,MG_025,mRNA,MG_025,28652,896,forward,-81,6,-62,6,-59,
TU_013,MG_026 - MG_028,mRNA,"MG_026, MG_027, MG_028",29552,1601,forward,-58,6,-32,6,-23,
TU_014,MG_029 - MG_031,mRNA,"MG_029, MG_030, MG_031",31143,5571,reverse,-74,6,-48,6,-42,
TU_015,MG_032,mRNA,MG_032,36977,2000,forward,-44,6,-15,6,-12,
TU_016,MG_033,mRNA,MG_033,39127,776,forward,-32,6,-6,6,-3,
TU_017,MG_034,mRNA,MG_034,39872,641,reverse,-37,6,-12,6,-7,
TU_018,MG_035,mRNA,MG_035,40542,1244,forward,-50,6,-24,6,-19,
TU_019,MG_036,mRNA,MG_036,41776,1652,forward,-76,6,-46,6,-39,
TU_020,MG_037,mRNA,MG_037,43401,1352,forward,-49,6,-19,6,-16,
TU_021,MG_038,mRNA,MG_038,44750,1526,reverse,-42,6,-15,6,-8,
TU_022,MG_039,mRNA,MG_039,46267,1154,reverse,-32,6,-7,6,-1,
TU_023,MG_040,mRNA,MG_040,47580,1775,forward,-40,6,-11,6,-7,
TU_024,MG_041,mRNA,MG_041,49376,266,forward,-42,6,-18,6,-13,
TU_025,MG_042 - MG_044,mRNA,"MG_042, MG_043, MG_044",49840,3379,forward,-40,6,-13,6,-10,
TU_026,MG_045,mRNA,MG_045,53204,1448,forward,-34,6,-7,6,-3,
TU_027,MG_046 - MG_047,mRNA,"MG_046, MG_047",54657,2082,forward,-39,6,-15,6,-12,
TU_028,MG_048,mRNA,MG_048,56969,1340,reverse,-38,6,-9,6,-1,
TU_029,MG_049 - MG_051,mRNA,"MG_049, MG_050, MG_051",58362,2643,forward,-301,6,-277,6,-272,
TU_030,MG_052 - MG_053,mRNA,"MG_052, MG_053",61014,2044,forward,-35,6,-6,6,-3,
TU_031,"MG_054, MG_055, MG_473",mRNA,"MG_054, MG_055, MG_473",63035,1478,reverse,-40,6,-13,6,-4,
TU_032,"MG_056, MG_057, MG_474",mRNA,"MG_474, MG_056, MG_057",64527,1721,reverse,-67,6,-42,6,-38,
TU_033,MG_058,mRNA,MG_058,66227,998,reverse,66,6,91,6,100,
TU_034,MG_059,mRNA,MG_059,67206,437,reverse,-52,6,-22,6,-16,
TU_035,MG_060,mRNA,MG_060,67650,893,forward,-55,6,-26,6,-18,
TU_036,MG_061,mRNA,MG_061,68522,1703,reverse,265,6,285,6,288,
TU_037,MG475,tRNA,MG475,70393,88,reverse,,,,,,
TU_038,MG_062,mRNA,MG_062,70530,2042,forward,-57,6,-33,6,-25,
TU_039,MG_063,mRNA,MG_063,72523,911,forward,64,6,81,6,90,
TU_040,MG_064 - MG_065,mRNA,"MG_064, MG_065",73690,5395,forward,-68,6,-39,6,-34,
TU_041,MG_066,mRNA,MG_066,79089,1946,forward,-81,6,-57,6,-50,
TU_042,MG_067 - MG_068,mRNA,"MG_067, MG_068",81046,2998,forward,-38,6,-8,6,-1,
TU_043,MG_069,mRNA,MG_069,88228,2726,forward,-35,6,-15,6,-9,
TU_044,MG_070,mRNA,MG_070,91065,854,forward,-30,6,-9,6,-3,
TU_045,MG_071,mRNA,MG_071,91924,2624,forward,-35,6,-11,6,-3,
TU_046,MG_072,mRNA,MG_072,94535,2420,forward,-28,6,-6,6,-3,
TU_047,MG_073,mRNA,MG_073,96933,1970,forward,-79,6,-50,6,-47,
TU_048,MG_074,mRNA,MG_074,98906,413,forward,-65,6,-38,6,-34,
TU_049,MG_075,mRNA,MG_075,99383,3074,forward,-78,6,-58,6,-49,
TU_050,MG_076,mRNA,MG_076,102454,416,reverse,-46,6,-25,6,-18,
TU_051,MG_077 - MG_080,mRNA,"MG_077, MG_078, MG_079, MG_080",103104,6102,forward,-33,6,-8,6,-2,
TU_052,MG_081 - MG_082,mRNA,"MG_081, MG_082",109262,1093,forward,-67,6,-48,6,-43,
TU_053,MG_083,mRNA,MG_083,110355,569,forward,-42,6,-17,6,-8,
TU_054,MG_084 - MG_085,mRNA,"MG_084, MG_085",110917,1808,forward,-61,6,-31,6,-24,
TU_055,MG_086 - MG_089,mRNA,"MG_086, MG_087, MG_088, MG_089",112718,4156,forward,-74,6,-53,6,-44,
TU_056,MG_090,mRNA,MG_090,116926,626,forward,-63,6,-37,6,-34,
TU_057,MG_091,mRNA,MG_091,117553,482,forward,-80,6,-50,6,-41,
TU_058,MG_092,mRNA,MG_092,118025,317,forward,-71,6,-42,6,-37,
TU_059,MG_093 - MG_095,mRNA,"MG_093, MG_094, MG_095",118345,3042,forward,-31,6,-6,6,-3,
TU_060,MG_096,mRNA,MG_096,121571,1952,forward,,,,,,
TU_061,MG_097,mRNA,MG_097,123580,737,forward,-36,6,-13,6,-7,
TU_062,MG_098 - MG_100,mRNA,"MG_098, MG_099, MG_100",124417,4295,forward,-62,6,-38,6,-29,
TU_063,MG_101 - MG_103,mRNA,"MG_101, MG_102, MG_103",128687,2440,forward,-69,6,-47,6,-44,
TU_064,MG_476,mRNA,MG_476,131149,233,forward,,,,,,
TU_065,MG_104,mRNA,MG_104,131385,2177,forward,-43,6,-16,6,-9,
TU_066,MG_105,mRNA,MG_105,133570,602,forward,-25,6,-7,6,-1,
TU_067,MG_106,mRNA,MG_106,134147,581,reverse,-142,6,-120,6,-111,
TU_068,MG_107 - MG_110,mRNA,"MG_107, MG_108, MG_109, MG_110",134769,3322,forward,-47,6,-17,6,-9,
TU_069,MG_111 - MG_112,mRNA,"MG_111, MG_112",138106,1920,forward,-42,6,-12,6,-3,
TU_070,MG_113,mRNA,MG_113,140040,1370,forward,-76,6,-55,6,-50,
TU_071,MG_114,mRNA,MG_114,141346,710,forward,-26,6,-7,6,1,
TU_072,MG_115,mRNA,MG_115,142081,473,forward,-72,6,-43,6,-34,
TU_073,MG_116 - MG_118,mRNA,"MG_116, MG_117, MG_118",142563,2395,forward,-65,6,-39,6,-34,
TU_074,MG_119 - MG_122,mRNA,"MG_119, MG_120, MG_121, MG_122",144973,6355,forward,-72,6,-47,6,-38,
TU_075,MG_123,mRNA,MG_123,151306,1415,forward,-36,6,-9,6,-3,
TU_076,MG_124 - MG_125,mRNA,"MG_124, MG_125",152768,1171,forward,-41,6,-25,6,-18,
TU_077,MG_126,mRNA,MG_126,153920,1043,reverse,-50,6,-30,6,-26,
TU_078,MG_127 - MG_128,mRNA,"MG_127, MG_128",154999,1224,forward,-46,6,-27,6,-19,
TU_079,MG_129,mRNA,MG_129,156223,353,forward,-52,6,-23,6,-20,
TU_080,MG_130,mRNA,MG_130,156566,1454,forward,-42,6,-22,6,-16,
TU_081,MG_131,mRNA,MG_131,158023,286,forward,-57,6,-33,6,-25,
TU_082,MG_132,mRNA,MG_132,158581,425,reverse,-36,6,-12,6,-9,
TU_083,MG_133,mRNA,MG_133,158984,794,reverse,48,6,72,6,80,
TU_084,MG_134,mRNA,MG_134,159798,302,forward,-64,6,-35,6,-32,
TU_085,MG_135,mRNA,MG_135,160072,842,reverse,-44,6,-14,6,-8,
TU_086,MG_136 - MG_138,mRNA,"MG_136, MG_137, MG_138",160963,4424,forward,-49,6,-19,6,-14,
TU_087,MG_139,mRNA,MG_139,165471,1709,forward,-46,6,-20,6,-13,
TU_088,"MGrrnA16S, MGrrnA23S, MGrrnA5S",rRNA,"MGrrnA16S, MGrrnA23S, MGrrnA5S",170007,4786,forward,,,,,,
TU_089,MG_140,mRNA,MG_140,175805,3341,forward,-52,6,-25,6,-21,
TU_090,MG_141,mRNA,MG_141,179151,1595,forward,-81,6,-51,6,-45,
TU_091,MG_477,mRNA,MG_477,180746,272,forward,,,,,,
TU_092,MG_142 - MG_144,mRNA,"MG_142, MG_143, MG_144",181005,3048,forward,-34,6,-10,6,-5,
TU_093,MG_145,mRNA,MG_145,184053,809,forward,-47,6,-20,6,-11,
TU_094,MG_146,mRNA,MG_146,184875,1274,forward,-37,6,-10,6,-5,
TU_095,MG_147,mRNA,MG_147,186136,1127,forward,-58,6,-38,6,-31,
TU_096,MG_148,mRNA,MG_148,187302,1229,forward,-80,6,-64,6,-55,
TU_097,MG_149,mRNA,MG_149,188607,845,forward,-68,6,-46,6,-43,
TU_098,MG_478,mRNA,MG_478,189492,464,forward,6,6,35,6,40,
TU_099,MG_150,mRNA,MG_150,190046,320,forward,-62,6,-41,6,-32,
TU_100,MG_151,mRNA,MG_151,190370,773,forward,-78,6,-53,6,-49,
TU_101,MG_152 - MG_153,mRNA,"MG_152, MG_153",191143,959,forward,-44,6,-14,6,-11,
TU_102,MG_154 - MG_163,mRNA,"MG_154, MG_155, MG_156, MG_157, MG_158, MG_159, MG_160, MG_161, MG_162, MG_163",192102,4893,forward,-50,6,-30,6,-24,
TU_103,MG_164,mRNA,MG_164,196998,182,forward,-50,6,-29,6,-20,
TU_104,MG_165 - MG_169,mRNA,"MG_165, MG_166, MG_167, MG_168, MG_169",197177,2433,forward,-28,6,-7,6,-3,
TU_105,MG_170 - MG_173,mRNA,"MG_170, MG_171, MG_172, MG_173",199610,3026,forward,-33,6,-10,6,-5,
TU_106,MG_174,mRNA,MG_174,202647,113,forward,-38,6,-13,6,-8,
TU_107,MG_175 - MG_177,mRNA,"MG_175, MG_176, MG_177",202760,1741,forward,-79,6,-58,6,-52,
TU_108,MG_178,mRNA,MG_178,204514,371,forward,-25,6,-7,6,-3,
TU_109,MG_179,mRNA,MG_179,204872,824,forward,-69,6,-52,6,-49,
TU_110,MG_180,mRNA,MG_180,205681,914,forward,-64,6,-37,6,-34,
TU_111,MG_181,mRNA,MG_181,206588,1262,forward,-58,6,-28,6,-24,
TU_112,MG_182,mRNA,MG_182,207843,734,forward,-59,6,-33,6,-27,
TU_113,MG_183 - MG_184,mRNA,"MG_183, MG_184",208567,2777,forward,-79,6,-57,6,-53,
TU_114,MG_185,mRNA,MG_185,211444,2105,forward,-68,6,-44,6,-41,
TU_115,MG_186,mRNA,MG_186,216016,752,forward,-56,6,-32,6,-24,
TU_116,MG_187 - MG_189,mRNA,"MG_187, MG_188, MG_189",216761,3677,forward,-81,6,-56,6,-49,
TU_117,MG_190,mRNA,MG_190,220607,956,forward,-195,6,-168,6,-162,
TU_118,MG_191 - MG_192,mRNA,"MG_191, MG_192",221570,7497,forward,-40,6,-10,6,-7,
TU_119,MG_194 - MG_195,mRNA,"MG_194, MG_195",232009,3449,forward,-71,6,-49,6,-44,
TU_120,MG_196 - MG_198,mRNA,"MG_196, MG_197, MG_198",235517,1104,forward,-77,6,-56,6,-47,
TU_121,MG_199,mRNA,MG_199,236593,707,reverse,-42,6,-21,6,-17,
TU_122,MG_200 - MG_202,mRNA,"MG_200, MG_201, MG_202",237347,2848,forward,-55,6,-25,6,-21,
TU_123,MG479,tRNA,MG479,240213,73,reverse,,,,,,
TU_124,MG_203 - MG_204,mRNA,"MG_203, MG_204",240323,4246,forward,-37,6,-11,6,-8,
TU_125,MG_205,mRNA,MG_205,244566,1031,reverse,-37,6,-11,6,-7,
TU_126,MG_206,mRNA,MG_206,245633,1793,forward,-35,6,-9,6,-3,
TU_127,MG_207,mRNA,MG_207,247407,503,forward,-31,6,-6,6,-3,
TU_128,MG_208 - MG_210,mRNA,"MG_208, MG_209, MG_210",247903,2045,reverse,-36,6,-20,6,-13,
TU_129,MG_480,mRNA,MG_480,250149,659,forward,-52,6,-34,6,-26,
TU_130,MG_481,mRNA,MG_481,250808,188,forward,,,,,,
TU_131,"MG_211, MG_212, MG_482",mRNA,"MG_211, MG_482, MG_212",250998,1589,forward,-80,6,-50,6,-44,
TU_132,MG_213 - MG_214,mRNA,"MG_213, MG_214",252580,2022,forward,-67,6,-45,6,-38,
TU_133,MG_215 - MG_216,mRNA,"MG_215, MG_216",254621,2500,forward,-29,6,-8,6,-3,
TU_134,MG483,tRNA,MG483,257158,76,forward,,,,,,
TU_135,MG484,tRNA,MG484,257269,76,forward,,,,,,
TU_136,MG485,tRNA,MG485,257349,76,forward,,,,,,
TU_137,MG486,tRNA,MG486,257445,76,forward,,,,,,
TU_138,MG487,tRNA,MG487,257559,91,forward,,,,,,
TU_139,MG488,tRNA,MG488,257664,76,forward,,,,,,
TU_140,MG489,tRNA,MG489,257742,73,forward,,,,,,
TU_141,MG490,tRNA,MG490,257818,75,forward,,,,,,
TU_142,MG_217,mRNA,MG_217,258041,1118,forward,-65,6,-44,6,-36,
TU_143,"MG_218, MG_491",mRNA,"MG_218, MG_491",259177,6460,forward,-37,6,-20,6,-13,
TU_144,MG_219,mRNA,MG_219,265597,446,forward,-44,6,-14,6,-10,
TU_145,MG_220,mRNA,MG_220,266075,281,reverse,-76,6,-47,6,-42,
TU_146,MG492,tRNA,MG492,266423,76,forward,,,,,,
TU_147,MG_221 - MG_223,mRNA,"MG_221, MG_222, MG_223",266666,2581,forward,-68,6,-44,6,-40,
TU_148,MG_224,mRNA,MG_224,269250,1109,forward,-30,6,-5,6,-1,
TU_149,MG_225 - MG_226,mRNA,"MG_225, MG_226",270405,2913,forward,-44,6,-22,6,-19,
TU_150,MG_227,mRNA,MG_227,273790,863,forward,-68,6,-47,6,-40,
TU_151,MG_228 - MG_231,mRNA,"MG_228, MG_229, MG_230, MG_231",274653,4159,forward,-59,6,-36,6,-28,
TU_152,MG_232 - MG_236,mRNA,"MG_232, MG_233, MG_234, MG_235, MG_236",278905,2181,forward,-51,6,-24,6,-15,
TU_153,MG_237,mRNA,MG_237,281079,884,forward,-71,6,-51,6,-44,
TU_154,MG_238,mRNA,MG_238,281993,1334,forward,-54,6,-27,6,-18,
TU_155,MG_239,mRNA,MG_239,283396,2387,forward,-52,6,-31,6,-24,
TU_156,MG_240,mRNA,MG_240,285780,1052,reverse,115,6,140,6,147,
TU_157,MG_241,mRNA,MG_241,286885,1862,forward,-52,6,-31,6,-23,
TU_158,MG_242,mRNA,MG_242,288753,1892,forward,-30,6,-9,6,-5,
TU_159,MG_243 - MG_244,mRNA,"MG_243, MG_244",290648,2797,forward,-51,6,-22,6,-16,
TU_160,MG_245,mRNA,MG_245,293448,497,forward,-70,6,-40,6,-32,
TU_161,MG_246,mRNA,MG_246,293938,845,forward,-27,6,-9,6,-1,
TU_162,MG_247,mRNA,MG_247,294767,719,reverse,-34,6,-9,6,-1,
TU_163,MG_248 - MG_249,mRNA,"MG_248, MG_249",295473,2133,reverse,-51,6,-26,6,-18,
TU_164,MG_250 - MG_251,mRNA,"MG_250, MG_251",297651,3153,reverse,-27,6,-10,6,-1,
TU_165,MG_252 - MG_254,mRNA,"MG_252, MG_253, MG_254",300824,4001,reverse,-38,6,-18,6,-13,
TU_166,MG493,tRNA,MG493,304892,73,reverse,,,,,,
TU_167,"MG_255, MG_494",mRNA,"MG_255, MG_494",305001,1653,forward,-45,6,-20,6,-14,
TU_168,MG495 - MG496,tRNA,"MG495, MG496",306617,196,forward,,,,,,
TU_169,MG_256,mRNA,MG_256,306821,770,forward,-80,6,-58,6,-50,
TU_170,MG_257 - MG_259,mRNA,"MG_257, MG_258, MG_259",307637,2743,forward,-44,6,-26,6,-18,
TU_171,MG_260,mRNA,MG_260,310511,2297,forward,-53,6,-28,6,-19,
TU_172,MG497,tRNA,MG497,315301,76,reverse,,,,,,
TU_173,"MG_261, MG_262, MG_498",mRNA,"MG_261, MG_262, MG_498",315701,4360,forward,-57,6,-36,6,-27,
TU_174,MG_263,mRNA,MG_263,320177,875,forward,-35,6,-13,6,-7,
TU_175,MG_264,mRNA,MG_264,321046,596,forward,-38,6,-11,6,-8,
TU_176,MG_265 - MG_267,mRNA,"MG_265, MG_266, MG_267",321578,3581,reverse,-72,6,-42,6,-34,
TU_177,MG_268,mRNA,MG_268,325193,686,reverse,-62,6,-35,6,-31,
TU_178,MG_0001,sRNA,MG_0001,325924,82,reverse,,,,,,
TU_179,MG_269,mRNA,MG_269,326030,1022,reverse,-73,6,-49,6,-40,
TU_180,MG_270 - MG_272,mRNA,"MG_270, MG_271, MG_272",327433,3552,reverse,-47,6,-21,6,-14,
TU_181,MG_0002,sRNA,MG_0002,331034,181,reverse,,,,,,
TU_182,MG_273 - MG_275,mRNA,"MG_273, MG_274, MG_275",331235,3538,reverse,-44,6,-18,6,-13,
TU_183,MG_276,mRNA,MG_276,334856,542,reverse,-36,6,-11,6,-7,
TU_184,MG_277,mRNA,MG_277,335412,2912,reverse,-52,6,-22,6,-19,
TU_185,MG_278,mRNA,MG_278,338367,2162,forward,-48,6,-19,6,-12,
TU_186,MG_279 - MG_281,mRNA,"MG_279, MG_280, MG_281",340526,3177,reverse,-79,6,-54,6,-51,
TU_187,MG499 - MG501,tRNA,"MG499, MG500, MG501",343884,241,reverse,,,,,,
TU_188,MG502,tRNA,MG502,344172,74,reverse,,,,,,
TU_189,MG503,tRNA,MG503,344251,86,reverse,,,,,,
TU_190,MG_282,mRNA,MG_282,344365,485,reverse,-56,6,-26,6,-18,
TU_191,MG_283,mRNA,MG_283,345182,1451,forward,-36,6,-14,6,-5,
TU_192,MG_284 - MG_286,mRNA,"MG_284, MG_285, MG_286",346854,1997,forward,-78,6,-54,6,-46,
TU_193,MG_287,mRNA,MG_287,348883,254,forward,-41,6,-18,6,-10,
TU_194,MG504,tRNA,MG504,349128,74,forward,,,,,,
TU_195,MG_288,mRNA,MG_288,351791,1244,reverse,-683,6,-662,6,-658,
TU_196,MG_289 - MG_291,mRNA,"MG_289, MG_290, MG_291",354024,3454,forward,-47,6,-21,6,-12,
TU_197,MG_505,mRNA,MG_505,357475,416,reverse,-79,6,-52,6,-46,
TU_198,MG_292 - MG_294,mRNA,"MG_292, MG_293, MG_294",357891,4911,reverse,-39,6,-18,6,-12,
TU_199,MG_295,mRNA,MG_295,362920,1103,reverse,-45,6,-21,6,-14,
TU_200,MG_296,mRNA,MG_296,364026,389,reverse,-40,6,-17,6,-9,
TU_201,MG_297,mRNA,MG_297,364535,1040,reverse,-57,6,-33,6,-24,
TU_202,MG_298,mRNA,MG_298,365582,2948,reverse,-47,6,-28,6,-23,
TU_203,MG_299,mRNA,MG_299,368733,962,reverse,-48,6,-24,6,-15,
TU_204,MG_300 - MG_301,mRNA,"MG_300, MG_301",369713,2250,reverse,-67,6,-48,6,-41,
TU_205,MG_302,mRNA,MG_302,371994,953,reverse,-81,6,-57,6,-49,
TU_206,MG_303,mRNA,MG_303,372926,1073,reverse,-75,6,-49,6,-40,
TU_207,MG_304,mRNA,MG_304,373981,812,reverse,-30,6,-11,6,-5,
TU_208,MG_305,mRNA,MG_305,374919,1787,reverse,-55,6,-35,6,-27,
TU_209,MG_306,mRNA,MG_306,376794,1181,reverse,-70,6,-43,6,-40,
TU_210,MG_307,mRNA,MG_307,377975,3533,reverse,-32,6,-12,6,-3,
TU_211,MG_308 - MG_309,mRNA,"MG_308, MG_309",381493,4916,reverse,-47,6,-23,6,-17,
TU_212,MG_310,mRNA,MG_310,386463,806,forward,-34,6,-7,6,-3,
TU_213,MG_311,mRNA,MG_311,387276,617,reverse,-28,6,-10,6,-2,
TU_214,MG_312,mRNA,MG_312,387916,3419,reverse,-66,6,-37,6,-28,
TU_215,MG_313 - MG_315,mRNA,"MG_313, MG_314, MG_315",391395,3156,reverse,-48,6,-18,6,-13,
TU_216,MG_316,mRNA,MG_316,394475,1109,reverse,-40,6,-21,6,-15,
TU_217,MG_317 - MG_318,mRNA,"MG_317, MG_318",395625,2656,reverse,-39,6,-10,6,-6,
TU_218,MG_319,mRNA,MG_319,398298,536,reverse,-52,6,-33,6,-30,
TU_219,MG_320,mRNA,MG_320,398938,860,reverse,-36,6,-19,6,-10,
TU_220,MG506,tRNA,MG506,399868,90,forward,,,,,,
TU_221,MG507,tRNA,MG507,399960,88,forward,,,,,,
TU_222,MG_321,mRNA,MG_321,400119,2804,reverse,-78,6,-51,6,-44,
TU_223,MG508 - MG514,tRNA,"MG508, MG509, MG510, MG511, MG512, MG513, MG514",403134,567,reverse,,,,,,
TU_224,MG_322,mRNA,MG_322,403723,1676,reverse,-63,6,-44,6,-35,
TU_225,MG_323,mRNA,MG_323,405456,683,forward,-37,6,-12,6,-5,
TU_226,MG_0003,sRNA,MG_0003,406142,377,reverse,,,,,,
TU_227,MG_0004,sRNA,MG_0004,406542,387,reverse,,,,,,
TU_228,"MG_324, MG_325, MG_515",mRNA,"MG_515, MG_324, MG_325",406975,1979,reverse,-43,6,-16,6,-11,
TU_229,MG_326,mRNA,MG_326,408971,887,reverse,-57,6,-32,6,-23,
TU_230,MG_327,mRNA,MG_327,409871,806,reverse,-46,6,-25,6,-18,
TU_231,MG_328,mRNA,MG_328,410664,2270,reverse,-38,6,-14,6,-10,
TU_232,MG_329,mRNA,MG_329,412973,1346,reverse,-66,6,-42,6,-33,
TU_233,MG_330 - MG_333,mRNA,"MG_330, MG_331, MG_332, MG_333",414323,2607,reverse,-57,6,-34,6,-31,
TU_234,MG_334,mRNA,MG_334,416967,2513,reverse,-79,6,-57,6,-53,
TU_235,MG_335,mRNA,MG_335,419470,575,reverse,-75,6,-55,6,-49,
TU_236,MG_516,mRNA,MG_516,420053,221,reverse,-36,6,-7,6,-3,
TU_237,MG_517,mRNA,MG_517,420333,1025,forward,-58,6,-42,6,-38,
TU_238,MG_336,mRNA,MG_336,421467,1226,forward,-66,6,-42,6,-37,
TU_239,MG_337,mRNA,MG_337,422697,416,forward,-56,6,-31,6,-28,
TU_240,MG_338,mRNA,MG_338,423100,3812,reverse,-52,6,-28,6,-25,
TU_241,MG_339,mRNA,MG_339,427090,953,reverse,-121,6,-100,6,-94,
TU_242,MG_340 - MG_341,mRNA,"MG_340, MG_341",430580,8060,reverse,-54,6,-24,6,-17,
TU_243,MG_342,mRNA,MG_342,438730,506,reverse,-32,6,-15,6,-7,
TU_244,MG_343,mRNA,MG_343,439315,1040,reverse,-31,6,-11,6,-3,
TU_245,MG_344,mRNA,MG_344,440359,821,reverse,-77,6,-52,6,-45,
TU_246,MG_345,mRNA,MG_345,441191,2687,reverse,-33,6,-13,6,-8,
TU_247,MG_346 - MG_347,mRNA,"MG_346, MG_347",443922,1123,forward,-39,6,-19,6,-12,
TU_248,MG518,tRNA,MG518,445078,75,forward,,,,,,
TU_249,MG_348,mRNA,MG_348,445197,968,reverse,-64,6,-44,6,-39,
TU_250,MG519,tRNA,MG519,446178,87,reverse,,,,,,
TU_251,MG_349 - MG_350,mRNA,"MG_349, MG_350",446576,2149,forward,-55,6,-25,6,-16,
TU_252,MG520,tRNA,MG520,448783,81,forward,,,,,,
TU_253,MG_521,mRNA,MG_521,448943,674,reverse,-58,6,-33,6,-24,
TU_254,MG_351,mRNA,MG_351,449665,554,forward,-73,6,-52,6,-49,
TU_255,MG_352,mRNA,MG_352,450222,500,forward,-45,6,-15,6,-11,
TU_256,MG_353,mRNA,MG_353,450719,329,reverse,-58,6,-35,6,-28,
TU_257,MG_354,mRNA,MG_354,451197,413,forward,-59,6,-29,6,-23,
TU_258,MG_355,mRNA,MG_355,451613,2144,reverse,-46,6,-30,6,-25,
TU_259,MG_356,mRNA,MG_356,453911,842,reverse,-37,6,-15,6,-7,
TU_260,MG_357,mRNA,MG_357,454766,1181,reverse,-64,6,-38,6,-29,
TU_261,MG_358 - MG_359,mRNA,"MG_358, MG_359",456755,1515,forward,-241,6,-217,6,-214,
TU_262,MG_360,mRNA,MG_360,458260,1235,reverse,-56,6,-32,6,-29,
TU_263,MG_361 - MG_363,mRNA,"MG_361, MG_362, MG_363",459615,1055,forward,-58,6,-37,6,-31,
TU_264,MG_522,mRNA,MG_522,460685,266,reverse,-47,6,-21,6,-14,
TU_265,MG_364,mRNA,MG_364,461015,674,forward,-66,6,-45,6,-41,
TU_266,MG_365,mRNA,MG_365,461682,935,forward,-53,6,-33,6,-24,
TU_267,MG_366,mRNA,MG_366,462619,2003,forward,-72,6,-45,6,-38,
TU_268,MG_367 - MG_369,mRNA,"MG_367, MG_368, MG_369",464646,3437,reverse,-76,6,-55,6,-49,
TU_269,MG_370,mRNA,MG_370,468152,971,reverse,-41,6,-17,6,-8,
TU_270,MG_371,mRNA,MG_371,469110,974,reverse,-64,6,-34,6,-30,
TU_271,MG_372 - MG_375,mRNA,"MG_372, MG_373, MG_374, MG_375",470077,4501,reverse,-70,6,-46,6,-37,
TU_272,MG_376,mRNA,MG_376,474578,314,reverse,-61,6,-40,6,-32,
TU_273,MG_377,mRNA,MG_377,474898,581,reverse,-37,6,-20,6,-17,
TU_274,MG_378,mRNA,MG_378,475526,1613,reverse,-39,6,-9,6,-1,
TU_275,MG_379 - MG_381,mRNA,"MG_379, MG_380, MG_381",477168,3058,forward,-40,6,-13,6,-5,
TU_276,MG523,tRNA,MG523,480240,75,reverse,,,,,,
TU_277,MG_382,mRNA,MG_382,480691,641,forward,-69,6,-48,6,-45,
TU_278,MG_383,mRNA,MG_383,481329,746,reverse,-49,6,-25,6,-18,
TU_279,MG_384,mRNA,MG_384,482068,1301,reverse,-38,6,-22,6,-17,
TU_280,"MG_385, MG_524",mRNA,"MG_524, MG_385",483369,1330,reverse,-32,6,-5,6,-1,
TU_281,MG_386,mRNA,MG_386,484702,4850,reverse,-70,6,-48,6,-45,
TU_282,MG_387 - MG_388,mRNA,"MG_387, MG_388",489839,1324,reverse,123,6,144,6,148,
TU_283,MG_389,mRNA,MG_389,491147,383,reverse,-72,6,-46,6,-39,
TU_284,MG_390,mRNA,MG_390,491534,1982,reverse,-28,6,-8,6,-3,
TU_285,MG_391 - MG_393,mRNA,"MG_391, MG_392, MG_393",493624,3336,reverse,-32,6,-10,6,-3,
TU_286,MG_394,mRNA,MG_394,497086,1220,reverse,-55,6,-37,6,-28,
TU_287,MG_395,mRNA,MG_395,498316,1574,reverse,-25,6,-5,6,-1,
TU_288,MG_396 - MG_397,mRNA,"MG_396, MG_397",500261,2159,reverse,-49,6,-22,6,-18,
TU_289,MG_398,mRNA,MG_398,502422,401,reverse,-46,6,-29,6,-26,
TU_290,MG_399,mRNA,MG_399,502828,1430,reverse,-69,6,-52,6,-46,
TU_291,MG_400 - MG_401,mRNA,"MG_400, MG_401",504260,2395,reverse,-63,6,-36,6,-28,
TU_292,MG_402 - MG_405,mRNA,"MG_402, MG_403, MG_404, MG_405",506671,2341,reverse,-41,6,-19,6,-10,
TU_293,MG_406,mRNA,MG_406,508978,476,reverse,82,6,102,6,106,
TU_294,MG_407,mRNA,MG_407,509460,1376,reverse,-56,6,-26,6,-18,
TU_295,MG_408,mRNA,MG_408,510903,473,forward,-45,6,-20,6,-15,
TU_296,MG_409 - MG_412,mRNA,"MG_409, MG_410, MG_411, MG_412",511373,4751,reverse,-78,6,-54,6,-49,
TU_297,MG_414,mRNA,MG_414,516245,3110,reverse,-64,6,-45,6,-40,
TU_298,MG_525,mRNA,MG_525,519420,1994,reverse,,,,,,
TU_299,MG_417,mRNA,MG_417,521470,398,reverse,-60,6,-35,6,-27,
TU_300,MG_418,mRNA,MG_418,521874,440,reverse,-46,6,-26,6,-17,
TU_301,"MG_419, MG_421, MG_422, MG_423",mRNA,"MG_419, MG_421, MG_422, MG_423",522352,8865,reverse,-51,6,-21,6,-12,
TU_302,MG_424,mRNA,MG_424,531220,260,reverse,-47,6,-20,6,-17,
TU_303,MG_425,mRNA,MG_425,531669,1349,forward,-38,6,-14,6,-11,
TU_304,MG_426,mRNA,MG_426,533041,194,forward,-36,6,-9,6,-5,
TU_305,MG_427,mRNA,MG_427,533271,425,forward,-53,6,-28,6,-22,
TU_306,MG_428,mRNA,MG_428,533807,515,forward,-55,6,-28,6,-25,
TU_307,MG_429 - MG_431,mRNA,"MG_429, MG_430, MG_431",534319,3972,reverse,-38,6,-17,6,-12,
TU_308,MG_432,mRNA,MG_432,538351,1196,reverse,-67,6,-37,6,-28,
TU_309,MG_433,mRNA,MG_433,539633,896,forward,-40,6,-11,6,-5,
TU_310,MG_434,mRNA,MG_434,540510,731,forward,-59,6,-33,6,-27,
TU_311,MG_435,mRNA,MG_435,541241,551,forward,-36,6,-13,6,-10,
TU_312,MG_437,mRNA,MG_437,541793,1193,forward,,6,21,6,27,
TU_313,MG_438,mRNA,MG_438,543006,1151,forward,-31,6,-10,6,-5,
TU_314,MG_439,mRNA,MG_439,544562,818,reverse,-48,6,-23,6,-18,
TU_315,MG_440 - MG_441,mRNA,"MG_440, MG_441",545380,1329,reverse,-62,6,-38,6,-30,
TU_316,MG_442 - MG_443,mRNA,"MG_442, MG_443",546880,1971,reverse,-57,6,-35,6,-29,
TU_317,MG_444 - MG_446,mRNA,"MG_444, MG_445, MG_446",548867,1325,reverse,-52,6,-27,6,-21,
TU_318,MG_447,mRNA,MG_447,550803,1643,reverse,-71,6,-42,6,-33,
TU_319,MG_448,mRNA,MG_448,552447,452,reverse,-26,6,-6,6,-3,
TU_320,MG_449,mRNA,MG_449,552863,685,reverse,176,6,206,6,210,
TU_321,MG_450 - MG_451,mRNA,"MG_450, MG_451",553558,2056,reverse,-38,6,-21,6,-13,
TU_322,MG_452 - MG_453,mRNA,"MG_452, MG_453",555667,1648,forward,-54,6,-29,6,-23,
TU_323,MG_454,mRNA,MG_454,557305,467,reverse,-67,6,-42,6,-38,
TU_324,MG_455,mRNA,MG_455,557759,1190,forward,-109,6,-84,6,-81,
TU_325,MG_456,mRNA,MG_456,558939,1004,reverse,-35,6,-14,6,-5,
TU_326,MG_457,mRNA,MG_457,560496,2108,reverse,-74,6,-56,6,-52,
TU_327,MG_458,mRNA,MG_458,562782,527,reverse,-39,6,-22,6,-15,
TU_328,MG_459,mRNA,MG_459,563311,509,reverse,-34,6,-12,6,-3,
TU_329,MG_460,mRNA,MG_460,563993,938,forward,-63,6,-43,6,-36,
TU_330,MG_461 - MG_462,mRNA,"MG_461, MG_462",564928,2712,reverse,-38,6,-18,6,-12,
TU_331,MG_463 - MG_465,mRNA,"MG_463, MG_464, MG_465",567627,2287,reverse,-29,6,-3,6,1,
TU_332,MG_466,mRNA,MG_466,569883,146,reverse,-49,6,-19,6,-16,
TU_333,MG_467 - MG_468,mRNA,"MG_467, MG_468",570055,6290,reverse,-67,6,-44,6,-37,
TU_334,MG_526,mRNA,MG_526,576351,854,reverse,-77,6,-57,6,-54,
TU_335,MG_469 - MG_470,mRNA,"MG_469, MG_470",577268,2765,reverse,-24,6,-3,6,1,
